{
   "address": {
      "street_suffix": [
         "straat",
         "laan",
         "gracht",
         "weg",
         "plantsoen",
         "passage",
         "steeg",
         "kade",
         "park",
         "rijk",
         "sloot",
         "velt",
         "plein",
         "dijk",
         "markt",
         "hof",
         "plein"
      ]
   },
   "company": {
      "suffix": [
         "Bank",
         "BV",
         "B.V.",
         "NV",
         "N.V.",
         "V.O.F.",
         "International",
         "Groep",
         "Group",
         "HRM",
         "ICT",
         "IT",
         "Maatschappij",
         "Online",
         "en Zonen"
      ]
   },
   "name": {
      "first_name": [
         "Aart",
         "Aaron",
         "Abe",
         "Abel",
         "Abraham",
         "Abram",
         "Adolf",
         "Adriaan",
         "Adrianus",
         "Age",
         "Alain",
         "Albert",
         "Alex",
         "Alexander",
         "Alfons",
         "Ali",
         "Allard",
         "Alper",
         "André",
         "Andreas",
         "Andries",
         "Andy",
         "Angelo",
         "Anthonie",
         "Anthony",
         "Antoine",
         "Anton",
         "Antonie",
         "Antonius",
         "Antoon",
         "Anwar",
         "Arend",
         "Arie",
         "Arjan",
         "Arjen",
         "Arne",
         "Arno",
         "Arnold",
         "Arnoud",
         "Arnout",
         "Aron",
         "Arthur",
         "August",
         "Auke",
         "Axel",
         "Barend",
         "Barry",
         "Bart",
         "Barteld",
         "Bas",
         "Bastiaan",
         "Bauke",
         "Beau",
         "Ben",
         "Benjamin",
         "Berend",
         "Bernhard",
         "Berry",
         "Bert",
         "Bessel",
         "Björn",
         "Bob",
         "Boris",
         "Boudewijn",
         "Bouke",
         "Boy",
         "Bram",
         "Brandon",
         "Brent",
         "Brian",
         "Bruno",
         "Bryan",
         "Camiel",
         "Carel",
         "Carl",
         "Carlo",
         "Carlos",
         "Carol",
         "Carolus",
         "Cas",
         "Caspar",
         "Casper",
         "Cedric",
         "Cédric",
         "Cees",
         "Charles",
         "Chiel",
         "Chris",
         "Christiaan",
         "Christoffel",
         "Coen",
         "Connor",
         "Conor",
         "Constantijn",
         "Cor",
         "Coren",
         "Corné",
         "Cornelis",
         "Cornelius",
         "Daan",
         "Damian",
         "Daniel",
         "Daniël",
         "Danny",
         "Dave",
         "David",
         "Davy",
         "Dennis",
         "Derk",
         "Dick",
         "Diederik",
         "Dimitri",
         "Dinand",
         "Dirk",
         "Dion",
         "Dominic",
         "Dominique",
         "Donald",
         "Douwe",
         "Durk",
         "Dylan",
         "Ed",
         "Eddie",
         "Eddy",
         "Edgar",
         "Eduard",
         "Edward",
         "Edwin",
         "Egbert",
         "Egon",
         "Elbert",
         "Eelco",
         "Elco",
         "Eldert",
         "Eli",
         "Elias",
         "Elja",
         "Elwin",
         "Emanuel",
         "Emerson",
         "Emiel",
         "Emmanuel",
         "Eric",
         "Erik",
         "Ernst",
         "Erwin",
         "Esli",
         "Esra",
         "Ethan",
         "Etienne",
         "Eugène",
         "Evan",
         "Everhardus",
         "Evert",
         "Ewoud",
         "Ewout",
         "Ezra",
         "Fabian",
         "Fedde",
         "Feike",
         "Felix",
         "Ferre",
         "Ferdinand",
         "Fernando",
         "Ferry",
         "Filip",
         "Finn",
         "Floriaan",
         "Florian",
         "Florianus",
         "Floris",
         "Fokke",
         "Folkert",
         "Fons",
         "Francesco",
         "Francis",
         "Franciscus",
         "Frank",
         "Franklin",
         "Frans",
         "Fred",
         "Freddie",
         "Frederick",
         "Frederik",
         "Freek",
         "Friedrich",
         "Friso",
         "Frits",
         "Gabriël",
         "Gaetan",
         "Gareth",
         "Gary",
         "Geert",
         "Geoffrey",
         "George",
         "Gerard",
         "Gerardus",
         "Gerbrand",
         "Gerben",
         "Gerhard",
         "Gerhardus",
         "Gerk",
         "Gerrie",
         "Gerrit",
         "Gert",
         "Gertjan",
         "Gerwin",
         "Gert-Jan",
         "Ghislain",
         "Gideon",
         "Giel",
         "Gijs",
         "Gijsbert",
         "Gilles",
         "Gino",
         "Giovanni",
         "Glenn",
         "Godfried",
         "Gommaar",
         "Gorik",
         "Govert",
         "Graad",
         "Gradus",
         "Grant",
         "Gregory",
         "Guglielmo",
         "Guido",
         "Guilherme",
         "Guillaume",
         "Guillermo",
         "Günther",
         "Gus",
         "Gust",
         "Gustaaf",
         "Guus",
         "Guy",
         "Haakon",
         "Haije",
         "Hakan",
         "Halvard",
         "Hamer",
         "Han",
         "Hannes",
         "Hans",
         "Hansko",
         "Har",
         "Harald",
         "Harco",
         "Harm",
         "Harmen",
         "Harold",
         "Harrie",
         "Harro",
         "Harry",
         "Has",
         "Hasse",
         "Heerke",
         "Heike",
         "Heiko",
         "Hein",
         "Helmut",
         "Hendrik",
         "Henk",
         "Henk Jan",
         "Hennie",
         "Henri",
         "Henry",
         "Herbert",
         "Herman",
         "Hermen",
         "Hervé",
         "Hessel",
         "Herwig",
         "Hicham",
         "Hidde",
         "Hiëronymus",
         "Hilco",
         "Hildo",
         "Hinne",
         "Hotze",
         "Hubert",
         "Hugo",
         "Huub",
         "Hüsnü",
         "Hyltsje",
         "Ian",
         "Ibrahim",
         "Ids",
         "Idse",
         "Idsert",
         "Ignas",
         "Igor",
         "Ief",
         "IJsbrand",
         "Ilan",
         "Ilja",
         "Imco",
         "Imme",
         "Inger",
         "Inti",
         "Isa",
         "Isaac",
         "Isaak",
         "Ischa",
         "Isidoor",
         "Ivan",
         "Ivar",
         "Ive",
         "Ivo",
         "Iwan",
         "Jaap",
         "Jacco",
         "Jaco",
         "Jairey",
         "Jack",
         "Jacob",
         "Jacques",
         "Jaimy",
         "Jake",
         "Jamai",
         "James",
         "Jan",
         "Janko",
         "Janos",
         "Jan Jaap",
         "Jannes",
         "Jan-Willem",
         "Jarich",
         "Jari",
         "Jarig",
         "Jarl",
         "Jarno",
         "Jaro",
         "Jarvey",
         "Jason",
         "Jasper",
         "Javier",
         "Jay",
         "Jayden",
         "Jean",
         "Jean-Jacques",
         "Jean-Paul",
         "Jef",
         "Jeff",
         "Jeffrey",
         "Jelger",
         "Jelis",
         "Jelle",
         "Jelmar",
         "Jelmer",
         "Jelte",
         "Jens",
         "Jent",
         "Jentsje",
         "Jeremy",
         "Jeroen",
         "Jerold",
         "Jerome",
         "Jesse",
         "Jezus",
         "Jielis",
         "Jihan",
         "Jim",
         "Jip",
         "Jo",
         "Joachim",
         "Joan",
         "Job",
         "Jochem",
         "Jochen",
         "Joël",
         "Joe",
         "Joep",
         "Joeri",
         "Joes",
         "Joey",
         "Joffrey",
         "Johan",
         "Johannes",
         "John",
         "Johnny",
         "Jon",
         "Jonas",
         "Jonatan",
         "Jonathan",
         "Jonny",
         "Joop",
         "Joost",
         "Jop",
         "Joppe",
         "Joram",
         "Joran",
         "Joras",
         "Jordi",
         "Jordy",
         "Joren",
         "Jorg",
         "Jorin",
         "Joris",
         "Jorn",
         "Jorrit",
         "Jort",
         "Jory",
         "Jos",
         "Joshua",
         "Jouke",
         "Jozef",
         "Jozias",
         "Jozua",
         "Judas",
         "Julian",
         "Julius",
         "Jules",
         "Julien",
         "Junior",
         "Jurgen",
         "Jurjen",
         "Jurn",
         "Jurre",
         "Jurriaan",
         "Jurrie",
         "Jurrien",
         "Just",
         "Justin",
         "Justus",
         "Juul",
         "Juust",
         "Jyrki",
         "Kaeso",
         "Kai",
         "Kamiel",
         "Kalle",
         "Kane",
         "Karel",
         "Karim",
         "Karinus",
         "Karl",
         "Kasper",
         "Keanu",
         "Kees",
         "Keith",
         "Kelvin",
         "Ken",
         "Kenji",
         "Kenneth",
         "Kenny",
         "Kenzo",
         "Kevin",
         "Khalid",
         "Kiano",
         "Kick",
         "Kieran",
         "Kik",
         "Kilian",
         "Kjeld",
         "Klaas",
         "Klemen",
         "Knut",
         "Ko",
         "Kobus",
         "Koen",
         "Koenraad",
         "Koert",
         "Kofi",
         "Koos",
         "Korneel",
         "Krelis",
         "Krijn",
         "Kris",
         "Kristan",
         "Kristian",
         "Kristof",
         "Kuno",
         "Kurt",
         "Kwinten",
         "Kyrell",
         "Lambert",
         "Lammert",
         "Lamptey",
         "Lancelot",
         "Lander",
         "Lard",
         "Lars",
         "Laurens",
         "Laurent",
         "Laurents",
         "Laurenz",
         "Leander",
         "Leen",
         "Leendert",
         "Leense",
         "Lennaert",
         "Lennard",
         "Lennart",
         "Lennert",
         "Leo",
         "Leon",
         "Leonard",
         "Leopold",
         "Leroy",
         "Lesley",
         "Lester",
         "Levenez",
         "Levi",
         "Lex",
         "Liam",
         "Lieven",
         "Lieuwe",
         "Lode",
         "Lodewijk",
         "Logan",
         "Lolle",
         "Lorens",
         "Lorenz",
         "Lou",
         "Louie",
         "Louis",
         "Louw",
         "Luc",
         "Luca",
         "Lucas",
         "Ludo",
         "Luk",
         "Luke",
         "Luuc",
         "Luuk",
         "Lux",
         "Maarten",
         "Machiel",
         "Maikel",
         "Manuel",
         "Marc",
         "Marc-Marie",
         "Marco",
         "Marcel",
         "Marcellus",
         "Marcus",
         "Marek",
         "Marijn",
         "Marinus",
         "Mario",
         "Marius",
         "Mark",
         "Marnick",
         "Marniks",
         "Marnix",
         "Mart",
         "Marten",
         "Martijn",
         "Martin",
         "Martinus",
         "Mathias",
         "Mathieu",
         "Mathijs",
         "Mats",
         "Matthew",
         "Matthias",
         "Matthijs",
         "Mattijn",
         "Matty",
         "Maurice",
         "Maurits",
         "Mauro",
         "Max",
         "Maxim",
         "Maxime",
         "Maximiliaan",
         "Mees",
         "Meindert",
         "Melle",
         "Mels",
         "Melroy",
         "Menno",
         "Merijn",
         "Merlijn",
         "Micaël",
         "Micil",
         "Micha",
         "Michaël",
         "Michel",
         "Michiel",
         "Mick",
         "Mickey",
         "Mien",
         "Miguel",
         "Mijndert",
         "Mike",
         "Milan",
         "Milano",
         "Miles",
         "Mink",
         "Miquel",
         "Miroslav",
         "Mirano",
         "Misha",
         "Misja",
         "Mitch",
         "Mitchel",
         "Mitchell",
         "Mitis",
         "Mohammed",
         "Moreno",
         "Morgens",
         "Morris",
         "Mounir",
         "Moussa",
         "Mustafa",
         "Mylan",
         "Myron",
         "Nabil",
         "Nadi",
         "Naftali",
         "Nasir",
         "Nasser",
         "Nathan",
         "Nathaniël",
         "Naud",
         "Naut",
         "Nauth",
         "Neal",
         "Nelis",
         "Nelson",
         "Nick",
         "Nico",
         "Nicolaas",
         "Nicolas",
         "Niek",
         "Niel",
         "Niele",
         "Niels",
         "Nigel",
         "Nikita",
         "Nikki",
         "Niko",
         "Nikolaas",
         "Nikolai",
         "Nilesh",
         "Nils",
         "Nino",
         "Noah",
         "Norbert",
         "Norwin",
         "Noud",
         "Nout",
         "Nouth",
         "Octaaf",
         "Odin",
         "Oguz",
         "Oguzhan",
         "Okan",
         "Okke",
         "Olaf",
         "Olav",
         "Ole",
         "Oleg",
         "Olger",
         "Oliver",
         "Olivier",
         "Olkanson",
         "Olov",
         "Onno",
         "Oscar",
         "Oskar",
         "Oswin",
         "Othman",
         "Ot",
         "Otto",
         "Ovidius",
         "Owen",
         "Özkar",
         "Pablo",
         "Pascal",
         "Patrick",
         "Paul",
         "Paulus",
         "Pedro",
         "Peer",
         "Pelle",
         "Pepijn",
         "Per",
         "Peter",
         "Petrus",
         "Philip",
         "Philippe",
         "Pier",
         "Pierre",
         "Piet",
         "Pieter",
         "Pim",
         "Pjotr",
         "Pleun",
         "Puck",
         "Quentin",
         "Quido",
         "Quinn",
         "Quincy",
         "Quinten",
         "Quintin",
         "Quintus",
         "Quirein",
         "Quirijn",
         "Raf",
         "Rafael",
         "Raief",
         "Rakesh",
         "Rakke",
         "Ralf",
         "Ralph",
         "Ramesa",
         "Ramesh",
         "Ramon",
         "Ramses",
         "Randal",
         "Raymon",
         "Raymond",
         "Reginald",
         "Reimert",
         "Rein",
         "Reindert",
         "Reiner",
         "Reinhard",
         "Reinier",
         "Reinout",
         "Remco",
         "Remko",
         "Remi",
         "Remy",
         "Renaldo",
         "Renato",
         "Renatus",
         "René",
         "Renger",
         "Rens",
         "Reuven",
         "Ricardo",
         "Ricco",
         "Richard",
         "Rick",
         "Ricky",
         "Rico",
         "Riekele",
         "Riemer",
         "Rien",
         "Ries",
         "Rijk",
         "Rijmar",
         "Rijo",
         "Rik",
         "Rinke",
         "Rinse",
         "Rinus",
         "Riny",
         "Rinze",
         "Ritz",
         "Roald",
         "Roan",
         "Rob",
         "Robbe",
         "Robbert",
         "Robbert-Jan",
         "Robert",
         "Robert-Jan",
         "Roberto",
         "Robin",
         "Robrecht",
         "Rocco",
         "Roderick",
         "Rodney",
         "Rodrigo",
         "Roel",
         "Roeland",
         "Roelof",
         "Roger",
         "Rogier",
         "Rokus",
         "Rolán",
         "Roland",
         "Rolf",
         "Rolof",
         "Roman",
         "Ron",
         "Ronald",
         "Ronnie",
         "Ronny",
         "Ross",
         "Rover",
         "Roy",
         "Ruben",
         "Rudi",
         "Rudiger",
         "Rudolf",
         "Rutger",
         "Ruth",
         "Rudy",
         "Runar",
         "Rune",
         "Ruslan",
         "Russell",
         "Ruud",
         "Ruurd",
         "Ryan",
         "Said",
         "Salvador",
         "Salvator",
         "Sam",
         "Sami",
         "Samir",
         "Samson",
         "Samy",
         "Sander",
         "Sandro",
         "Sandrijn",
         "Santinho",
         "Sape",
         "Sathya",
         "Satish",
         "Scato",
         "Scott",
         "Séamus",
         "Sean",
         "Sebastiaan",
         "Sem",
         "Senne",
         "Sepp",
         "Seppe",
         "Serge",
         "Sergei",
         "Serkan",
         "Serafim",
         "Servien",
         "Severinus",
         "Seto",
         "Shane",
         "Sharo",
         "Shimon",
         "Sibert",
         "Sibo",
         "Sibren",
         "Siebe",
         "Siebren",
         "Siegfried",
         "Siem",
         "Sierk",
         "Sietse",
         "Sigmund",
         "Sil",
         "Silvijn",
         "Sijmen",
         "Simba",
         "Simeon",
         "Simon",
         "Sithri",
         "Sjaak",
         "Sjard",
         "Sjef",
         "Sjeng",
         "Sjerp",
         "Sjimmie",
         "Sjoerd",
         "Sjors",
         "Sjouke",
         "Solee",
         "Sonny",
         "Splinter",
         "Stach",
         "Stan",
         "Stanley",
         "Stef",
         "Stefaan",
         "Stefan",
         "Steff",
         "Steffen",
         "Stephan",
         "Stephanos",
         "Steve",
         "Steven",
         "Stijn",
         "Stoffel",
         "Sumano",
         "Sus",
         "Sudesh",
         "Sven",
         "Sylvain",
         "Sylvester",
         "Sylvio",
         "Sytze",
         "Taco",
         "Teije",
         "Teun",
         "Theo",
         "Theodoor",
         "Theodorus",
         "Theofiel",
         "Theunis",
         "Thibaut",
         "Thijs",
         "Thom",
         "Thomas",
         "Tiemen",
         "Tijmen",
         "Tijs",
         "Tijn",
         "Tim",
         "Timo",
         "Timothy",
         "Tjalling",
         "Tjeerd",
         "Tjerk",
         "Tobias",
         "Tom",
         "Tomas",
         "Tommy",
         "Ton",
         "Tony",
         "Thibault",
         "Toon",
         "Tristan",
         "Tycho",
         "Ulrich",
         "Urbanus",
         "Uri",
         "Valentijn",
         "Vic",
         "Victor",
         "Vik",
         "Viktor",
         "Vilém",
         "Vince",
         "Vincent",
         "Vinny",
         "Vladimir",
         "Volkert",
         "Walt",
         "Walter",
         "Warren",
         "Werner",
         "Wesley",
         "Wessel",
         "Wiebe",
         "Wieger",
         "Wietse",
         "Wijnand",
         "Wijnant",
         "Wilbert",
         "Wilco",
         "Wilfred",
         "Wilfried",
         "Wilhelm",
         "Willem",
         "William",
         "Willie",
         "Willy",
         "Wim",
         "Wiro",
         "Wladimir",
         "Wolter",
         "Wout",
         "Wouter",
         "Xander",
         "Xaveer",
         "Xaverius",
         "Xavier",
         "Yannick",
         "Yassine",
         "Ybo",
         "Yorick",
         "Youri",
         "Youssef",
         "Yuri",
         "Yvan",
         "Yves",
         "Yvo",
         "Yvon",
         "Zander",
         "Zeger",
         "Zeno",
         "Zoltán",
         "Aafje",
         "Aafke",
         "Arianne",
         "Aagje",
         "Aaltje",
         "Abigaïl",
         "Ada",
         "Adelheid",
         "Adelinde",
         "Adriana",
         "Afke",
         "Afra",
         "Agatha",
         "Akke",
         "Albertine",
         "Albertina",
         "Aleida",
         "Aletta",
         "Alev",
         "Alexandra",
         "Alexia",
         "Alice",
         "Alicia",
         "Alida",
         "Alie",
         "Amalia",
         "Amanda",
         "Amber",
         "Amy",
         "Andrea",
         "Angela",
         "Angelica",
         "Angelique",
         "Aniek",
         "Anita",
         "Anja",
         "Anke",
         "Anna",
         "Annabel",
         "Anne",
         "Anneke",
         "Annelies",
         "Annemarie",
         "Annemiek",
         "Annemieke",
         "Annet",
         "Annette",
         "Annie",
         "Anniek",
         "Annigje",
         "Annika",
         "Anouk",
         "Antje",
         "Antoinette",
         "Antonia",
         "Arlette",
         "Asha",
         "Ashley",
         "Astrid",
         "Audrey",
         "Aukje",
         "Aurore",
         "Babette",
         "Barbara",
         "Baukje",
         "Beatrix",
         "Beertje",
         "Belinda",
         "Belle",
         "Bente",
         "Bernadette",
         "Bertha",
         "Bianca",
         "Birgit",
         "Bo",
         "Boukje",
         "Brenda",
         "Bregje",
         "Cadence",
         "Carina",
         "Carla",
         "Carmen",
         "Caro",
         "Carola",
         "Carlijn",
         "Carolien",
         "Caroline",
         "Catharina",
         "Cathérine",
         "Cecile",
         "Cecilia",
         "Céline",
         "Celine",
         "Chantal",
         "Charissa",
         "Charlotte",
         "Cheyenne",
         "Chiara",
         "Chloé",
         "Christa",
         "Christel",
         "Christianne",
         "Christina",
         "Christine",
         "Cindy",
         "Claire",
         "Clara",
         "Claudia",
         "Cora",
         "Corina",
         "Corine",
         "Cornelia",
         "Cynthia",
         "Dagmar",
         "Daisy",
         "Dana",
         "Daniëlle",
         "Danique",
         "Daphne",
         "Darya",
         "Debbie",
         "Debora",
         "Deborah",
         "Demi",
         "Denise",
         "Desirée",
         "Devi",
         "Dewi",
         "Diana",
         "Diane",
         "Dieuwertje",
         "Dieuwke",
         "Dina",
         "Dionne",
         "Dirkje",
         "Doetje",
         "Donna",
         "Dora",
         "Dorien",
         "Dorothea",
         "Dymfna",
         "Edith",
         "Eefje",
         "Elena",
         "Eleonora",
         "Eline",
         "Elisabeth",
         "Elise",
         "Elize",
         "Ella",
         "Ellen",
         "Elly",
         "Els",
         "Elvira",
         "Emilia",
         "Emilie",
         "Emily",
         "Emma",
         "Emmy",
         "Erica",
         "Erika",
         "Erin",
         "Erna",
         "Esmée",
         "Esmeralda",
         "Ester",
         "Esther",
         "Eva",
         "Evelien",
         "Eveline",
         "Evi",
         "Famke",
         "Fatima",
         "Felicia",
         "Felicity",
         "Femke",
         "Fenna",
         "Fenne",
         "Fien",
         "Fiene",
         "Fiona",
         "Fiorella",
         "Fleur",
         "Floor",
         "Florence",
         "Francesca",
         "Francine",
         "Frederika",
         "Frederike",
         "Frederique",
         "Froukje- Gabriëlle",
         "Gea",
         "Geertje",
         "Geertrui",
         "Geertruida",
         "Geesje",
         "Geeske",
         "Gemma",
         "Georgina",
         "Geraldine",
         "Gerda",
         "Gerry",
         "Gertrude",
         "Ghislaine",
         "Gina",
         "Gisela",
         "Godelieve",
         "Greetje",
         "Greta",
         "Gretha",
         "Grietje",
         "Guusje",
         "Gwen",
         "Hadewig",
         "Hanna",
         "Hannah",
         "Hanneke",
         "Harmina",
         "Harmke",
         "Hayley",
         "Hedwig",
         "Heidi",
         "Heiltje",
         "Heintje",
         "Heleen",
         "Helen",
         "Helena",
         "Helène",
         "Helga",
         "Hendrika",
         "Henny",
         "Henrieke",
         "Henriëtte",
         "Hermien",
         "Hester",
         "Hetty",
         "Hilary",
         "Hilda",
         "Hilde",
         "Hildegard",
         "Hine",
         "Hubertina",
         "Ianthe",
         "Ida",
         "Ilana",
         "Ildiko",
         "Ilona",
         "Ilonka",
         "Ilse",
         "Imke",
         "Ina",
         "Indiana",
         "Indy",
         "Ine",
         "Inez",
         "Ineke",
         "Inge",
         "Ingeborg",
         "Ingrid",
         "Irene",
         "Iris",
         "Irma",
         "Isabel",
         "Isabella",
         "Isabelle",
         "Isis",
         "Ivonne",
         "Jacoba",
         "Jacqueline",
         "Jade",
         "Jane",
         "Janne",
         "Janneke",
         "Jannie",
         "Janny",
         "Jansje",
         "Jantine",
         "Jasmijn",
         "Jeanette",
         "Jeanine",
         "Jeanne",
         "Jeannette",
         "Jeanny",
         "Jennifer",
         "Jenny",
         "Jessica",
         "Jessie",
         "Jet",
         "Jetske",
         "Jitske",
         "Joanna",
         "Joëlle",
         "Johanna",
         "Joke",
         "Jolanda",
         "Jolande",
         "Jolien",
         "Jolijn",
         "José",
         "Josefien",
         "Josephine",
         "Josine",
         "Joy",
         "Joyce",
         "Judith",
         "Julia",
         "Juliana",
         "Julie",
         "Juliette",
         "Karen",
         "Karin",
         "Karina",
         "Karlijn",
         "Katja",
         "Katrijn",
         "Kayleigh",
         "Kaylee",
         "Kelly",
         "Kiki",
         "Kim",
         "Kimberley",
         "Kimberly",
         "Kira",
         "Kirsten",
         "Kitty",
         "Klaasje",
         "Krista",
         "Kristel",
         "Kyra",
         "Laetitia",
         "Lara",
         "Larissa",
         "Laura",
         "Lauren",
         "Laurentien",
         "Leentje",
         "Lena",
         "Leonie",
         "Leonora",
         "Leontine",
         "Letitia",
         "Lianne",
         "Lidwina",
         "Lieke",
         "Lien",
         "Liesbeth",
         "Lieve",
         "Lilian",
         "Linda",
         "Linde",
         "Lindsay",
         "Lindsey",
         "Lisa",
         "Lisanne",
         "Lisette",
         "Lizzy",
         "Loes",
         "Lois",
         "Lola",
         "Lonneke",
         "Lotte",
         "Louisa",
         "Louise",
         "Lucia",
         "Luna",
         "Lydia",
         "Lynn",
         "Lore",
         "Maaike",
         "Maartje",
         "Madeleine",
         "Madelief",
         "Mae",
         "Magdalena",
         "Maike",
         "Mandy",
         "Manon",
         "Manuela",
         "Mara",
         "Marcella",
         "Marcia",
         "Mare",
         "Marga",
         "Margareta",
         "Margo",
         "Margot",
         "Margriet",
         "Maria",
         "Marian",
         "Marianna",
         "Marianne",
         "Marie",
         "Marieke",
         "Mariëlle",
         "Mariëtte",
         "Marije",
         "Marijke",
         "Marike",
         "Marina",
         "Marion",
         "Mariska",
         "Marissa",
         "Marit",
         "Marja",
         "Marjan",
         "Marjolein",
         "Marjolijn",
         "Marleen",
         "Marlene",
         "Marlies",
         "Marloes",
         "Martha",
         "Marthe",
         "Martina",
         "Martine",
         "Mathilde",
         "Maud",
         "Maureen",
         "Maya",
         "Mayke",
         "Meike",
         "Melanie",
         "Melissa",
         "Mercedes",
         "Merel",
         "Meta",
         "Mette",
         "Mia",
         "Michelle",
         "Mieke",
         "Mila",
         "Milena",
         "Milou",
         "Mina",
         "Minke",
         "Mira",
         "Miranda",
         "Mireille",
         "Miriam",
         "Mirjam",
         "Mirte",
         "Mirthe",
         "Monica",
         "Moniek",
         "Monique",
         "Myrthe",
         "Nadia",
         "Nadine",
         "Nancy",
         "Naomi",
         "Natalie",
         "Natasja",
         "Nathalie",
         "Neeltje",
         "Nele",
         "Nelleke",
         "Nellie",
         "Nelly",
         "Nicky",
         "Nicole",
         "Nienke",
         "Nina",
         "Noa",
         "Noëlla",
         "Noor",
         "Noortje",
         "Nora",
         "Nova",
         "Nynke",
         "Odilia",
         "Olga",
         "Olivia",
         "Pamela",
         "Patricia",
         "Patty",
         "Pascalle",
         "Paula",
         "Paulien",
         "Pauline",
         "Petra",
         "Petronella",
         "Pia",
         "Pien",
         "Pieternel",
         "Pietertje",
         "Priscilla",
         "Quinty",
         "Quirine",
         "Rachel",
         "Rachelle",
         "Ramona",
         "Rani",
         "Rebecca",
         "Regina",
         "Reina",
         "Renata",
         "Renate",
         "Renée",
         "Renske",
         "Ria",
         "Rianne",
         "Rita",
         "Romy",
         "Roos",
         "Rosa",
         "Rosalie",
         "Rosanne",
         "Roxanne",
         "Ruby",
         "Sabina",
         "Sabine",
         "Sabrina",
         "Samantha",
         "Sandra",
         "Sandrine",
         "Sandy",
         "Sanna",
         "Sanne",
         "Sara",
         "Sarah",
         "Sascha",
         "Saskia",
         "Selina",
         "Selma",
         "Senna",
         "Shannon",
         "Sharon",
         "Sherhonte",
         "Shirley",
         "Sietske",
         "Sigrid",
         "Sigyn",
         "Silvia",
         "Simone",
         "Sjoerdtje",
         "Sjoukje",
         "Sofia",
         "Sofie",
         "Sonja",
         "Sophia",
         "Sophie",
         "Soraya",
         "Stefanie",
         "Stella",
         "Stephanie",
         "Sterre",
         "Susan",
         "Susanna",
         "Suzanna",
         "Suzanne",
         "Sylvia",
         "Sylvana",
         "Tamira",
         "Tamara",
         "Tanja",
         "Tara",
         "Tatjana",
         "Tess",
         "Tessa",
         "Thalia",
         "Thea",
         "Theodora",
         "Thérèse",
         "Theresia",
         "Tiffany",
         "Tine",
         "Tineke",
         "Tiny",
         "Tjitske",
         "Tonia",
         "Trijntje",
         "Ursula",
         "Valerie",
         "Vanessa",
         "Veerle",
         "Vera",
         "Veronica",
         "Veronique",
         "Victoria",
         "Virginia",
         "Vivian",
         "Wanda",
         "Welmoed",
         "Wendy",
         "Wies",
         "Wietske",
         "Wilhelmina",
         "Willeke",
         "Willemien",
         "Willemijn",
         "Wilma",
         "Xandra",
         "Xanthe",
         "Xena",
         "Xiomara",
         "Yara",
         "Yasmin",
         "Yasmine",
         "Yolanda",
         "Yvette",
         "Yvonne",
         "Ymke",
         "Ziva",
         "Zoë",
         "Zwaantje"
      ]
   }
}
