{
  "title": "German (Switzerland)",
  "address": {
    "country_code": [
      "CH",
      "CH",
      "CH",
      "DE",
      "AT",
      "US",
      "LI",
      "US",
      "HK",
      "VN"
    ],
    "postcode": [
      "1###",
      "2###",
      "3###",
      "4###",
      "5###",
      "6###",
      "7###",
      "8###",
      "9###"
    ],
    "default_country": [
      "Schweiz"
    ]
  },
  "company": {
    "suffix": [
      "AG",
      "GmbH",
      "und Söhne",
      "und Partner",
      "& Co.",
      "Gruppe",
      "LLC",
      "Inc."
    ],
    "name": [
      "#{Name.last_name} #{suffix}",
      "#{Name.last_name}-#{Name.last_name}",
      "#{Name.last_name}, #{Name.last_name} und #{Name.last_name}"
    ]
  },
  "internet": {
    "domain_suffix": [
      "com",
      "net",
      "biz",
      "ch",
      "de",
      "li",
      "at",
      "ch",
      "ch"
    ]
  },
  "name": {
    "first_name": [
      "Adolf",
      "Adrian",
      "Agnes",
      "Alain",
      "Albert",
      "Alberto",
      "Aldo",
      "Alex",
      "Alexander",
      "Alexandre",
      "Alfons",
      "Alfred",
      "Alice",
      "Alois",
      "André",
      "Andrea",
      "Andreas",
      "Angela",
      "Angelo",
      "Anita",
      "Anna",
      "Anne",
      "Anne-Marie",
      "Annemarie",
      "Antoine",
      "Anton",
      "Antonio",
      "Armin",
      "Arnold",
      "Arthur",
      "Astrid",
      "Barbara",
      "Beat",
      "Beatrice",
      "Beatrix",
      "Bernadette",
      "Bernard",
      "Bernhard",
      "Bettina",
      "Brigitta",
      "Brigitte",
      "Bruno",
      "Carlo",
      "Carmen",
      "Caroline",
      "Catherine",
      "Chantal",
      "Charles",
      "Charlotte",
      "Christa",
      "Christian",
      "Christiane",
      "Christina",
      "Christine",
      "Christoph",
      "Christophe",
      "Claire",
      "Claude",
      "Claudia",
      "Claudine",
      "Claudio",
      "Corinne",
      "Cornelia",
      "Daniel",
      "Daniela",
      "Daniele",
      "Danielle",
      "David",
      "Denis",
      "Denise",
      "Didier",
      "Dieter",
      "Dominik",
      "Dominique",
      "Dora",
      "Doris",
      "Edgar",
      "Edith",
      "Eduard",
      "Edwin",
      "Eliane",
      "Elisabeth",
      "Elsa",
      "Elsbeth",
      "Emil",
      "Enrico",
      "Eric",
      "Erica",
      "Erich",
      "Erika",
      "Ernst",
      "Erwin",
      "Esther",
      "Eugen",
      "Eva",
      "Eveline",
      "Evelyne",
      "Fabienne",
      "Felix",
      "Ferdinand",
      "Florence",
      "Francesco",
      "Francis",
      "Franco",
      "François",
      "Françoise",
      "Frank",
      "Franz",
      "Franziska",
      "Frédéric",
      "Fredy",
      "Fridolin",
      "Friedrich",
      "Fritz",
      "Gabriel",
      "Gabriela",
      "Gabrielle",
      "Georg",
      "Georges",
      "Gérald",
      "Gérard",
      "Gerhard",
      "Gertrud",
      "Gianni",
      "Gilbert",
      "Giorgio",
      "Giovanni",
      "Gisela",
      "Giuseppe",
      "Gottfried",
      "Guido",
      "Guy",
      "Hanna",
      "Hans",
      "Hans-Peter",
      "Hans-Rudolf",
      "Hans-Ulrich",
      "Hansjörg",
      "Hanspeter",
      "Hansruedi",
      "Hansueli",
      "Harry",
      "Heidi",
      "Heinrich",
      "Heinz",
      "Helen",
      "Helena",
      "Helene",
      "Helmut",
      "Henri",
      "Herbert",
      "Hermann",
      "Hildegard",
      "Hubert",
      "Hugo",
      "Ingrid",
      "Irene",
      "Iris",
      "Isabelle",
      "Jacqueline",
      "Jacques",
      "Jakob",
      "Jan",
      "Janine",
      "Jean",
      "Jean-Claude",
      "Jean-Daniel",
      "Jean-François",
      "Jean-Jacques",
      "Jean-Louis",
      "Jean-Luc",
      "Jean-Marc",
      "Jean-Marie",
      "Jean-Paul",
      "Jean-Pierre",
      "Johann",
      "Johanna",
      "Johannes",
      "John",
      "Jolanda",
      "Jörg",
      "Josef",
      "Joseph",
      "Josette",
      "Josiane",
      "Judith",
      "Julia",
      "Jürg",
      "Karin",
      "Karl",
      "Katharina",
      "Klaus",
      "Konrad",
      "Kurt",
      "Laura",
      "Laurence",
      "Laurent",
      "Leo",
      "Liliane",
      "Liselotte",
      "Louis",
      "Luca",
      "Luigi",
      "Lukas",
      "Lydia",
      "Madeleine",
      "Maja",
      "Manfred",
      "Manuel",
      "Manuela",
      "Marc",
      "Marcel",
      "Marco",
      "Margrit",
      "Margrith",
      "Maria",
      "Marianne",
      "Mario",
      "Marion",
      "Markus",
      "Marlène",
      "Marlies",
      "Marlis",
      "Martha",
      "Martin",
      "Martina",
      "Martine",
      "Massimo",
      "Matthias",
      "Maurice",
      "Max",
      "Maya",
      "Michael",
      "Michel",
      "Michele",
      "Micheline",
      "Monica",
      "Monika",
      "Monique",
      "Myriam",
      "Nadia",
      "Nadja",
      "Nathalie",
      "Nelly",
      "Nicolas",
      "Nicole",
      "Niklaus",
      "Norbert",
      "Olivier",
      "Oskar",
      "Otto",
      "Paola",
      "Paolo",
      "Pascal",
      "Patricia",
      "Patrick",
      "Paul",
      "Peter",
      "Petra",
      "Philipp",
      "Philippe",
      "Pia",
      "Pierre",
      "Pierre-Alain",
      "Pierre-André",
      "Pius",
      "Priska",
      "Rainer",
      "Raymond",
      "Regina",
      "Regula",
      "Reinhard",
      "Remo",
      "Renata",
      "Renate",
      "Renato",
      "Rene",
      "René",
      "Reto",
      "Richard",
      "Rita",
      "Robert",
      "Roberto",
      "Roger",
      "Roland",
      "Rolf",
      "Roman",
      "Rosa",
      "Rosemarie",
      "Rosmarie",
      "Rudolf",
      "Ruedi",
      "Ruth",
      "Sabine",
      "Samuel",
      "Sandra",
      "Sandro",
      "Serge",
      "Silvia",
      "Silvio",
      "Simon",
      "Simone",
      "Sonia",
      "Sonja",
      "Stefan",
      "Stephan",
      "Stéphane",
      "Stéphanie",
      "Susanna",
      "Susanne",
      "Suzanne",
      "Sylvia",
      "Sylvie",
      "Theo",
      "Theodor",
      "Therese",
      "Thomas",
      "Toni",
      "Ueli",
      "Ulrich",
      "Urs",
      "Ursula",
      "Verena",
      "Véronique",
      "Victor",
      "Viktor",
      "Vreni",
      "Walter",
      "Werner",
      "Willi",
      "Willy",
      "Wolfgang",
      "Yolande",
      "Yves",
      "Yvette",
      "Yvonne"
    ],
    "last_name": [
      "Ackermann",
      "Aebi",
      "Albrecht",
      "Ammann",
      "Amrein",
      "Arnold",
      "Bachmann",
      "Bader",
      "Bär",
      "Bättig",
      "Bauer",
      "Baumann",
      "Baumgartner",
      "Baur",
      "Beck",
      "Benz",
      "Berger",
      "Bernasconi",
      "Betschart",
      "Bianchi",
      "Bieri",
      "Blaser",
      "Blum",
      "Bolliger",
      "Bosshard",
      "Braun",
      "Brun",
      "Brunner",
      "Bucher",
      "Bühler",
      "Bühlmann",
      "Burri",
      "Christen",
      "Egger",
      "Egli",
      "Eichenberger",
      "Erni",
      "Ernst",
      "Eugster",
      "Fankhauser",
      "Favre",
      "Fehr",
      "Felber",
      "Felder",
      "Ferrari",
      "Fischer",
      "Flückiger",
      "Forster",
      "Frei",
      "Frey",
      "Frick",
      "Friedli",
      "Fuchs",
      "Furrer",
      "Gasser",
      "Geiger",
      "Gerber",
      "Gfeller",
      "Giger",
      "Gloor",
      "Graf",
      "Grob",
      "Gross",
      "Gut",
      "Haas",
      "Häfliger",
      "Hafner",
      "Hartmann",
      "Hasler",
      "Hauser",
      "Hermann",
      "Herzog",
      "Hess",
      "Hirt",
      "Hodel",
      "Hofer",
      "Hoffmann",
      "Hofmann",
      "Hofstetter",
      "Hotz",
      "Huber",
      "Hug",
      "Hunziker",
      "Hürlimann",
      "Imhof",
      "Isler",
      "Iten",
      "Jäggi",
      "Jenni",
      "Jost",
      "Kägi",
      "Kaiser",
      "Kälin",
      "Käser",
      "Kaufmann",
      "Keller",
      "Kern",
      "Kessler",
      "Knecht",
      "Koch",
      "Kohler",
      "Kuhn",
      "Küng",
      "Kunz",
      "Lang",
      "Lanz",
      "Lehmann",
      "Leu",
      "Leunberger",
      "Lüscher",
      "Lustenberger",
      "Lüthi",
      "Lutz",
      "Mäder",
      "Maier",
      "Marti",
      "Martin",
      "Maurer",
      "Mayer",
      "Meier",
      "Meili",
      "Meister",
      "Merz",
      "Mettler",
      "Meyer",
      "Michel",
      "Moser",
      "Müller",
      "Näf",
      "Ott",
      "Peter",
      "Pfister",
      "Portmann",
      "Probst",
      "Rey",
      "Ritter",
      "Roos",
      "Roth",
      "Rüegg",
      "Schäfer",
      "Schaller",
      "Schär",
      "Schärer",
      "Schaub",
      "Scheidegger",
      "Schenk",
      "Scherrer",
      "Schlatter",
      "Schmid",
      "Schmidt",
      "Schneider",
      "Schnyder",
      "Schoch",
      "Schuler",
      "Schumacher",
      "Schürch",
      "Schwab",
      "Schwarz",
      "Schweizer",
      "Seiler",
      "Senn",
      "Sidler",
      "Siegrist",
      "Sigrist",
      "Spörri",
      "Stadelmann",
      "Stalder",
      "Staub",
      "Stauffer",
      "Steffen",
      "Steiger",
      "Steiner",
      "Steinmann",
      "Stettler",
      "Stocker",
      "Stöckli",
      "Stucki",
      "Studer",
      "Stutz",
      "Suter",
      "Sutter",
      "Tanner",
      "Thommen",
      "Tobler",
      "Vogel",
      "Vogt",
      "Wagner",
      "Walder",
      "Walter",
      "Weber",
      "Wegmann",
      "Wehrli",
      "Weibel",
      "Wenger",
      "Wettstein",
      "Widmer",
      "Winkler",
      "Wirth",
      "Wirz",
      "Wolf",
      "Wüthrich",
      "Wyss",
      "Zbinden",
      "Zehnder",
      "Ziegler",
      "Zimmermann",
      "Zingg",
      "Zollinger",
      "Zürcher"
    ],
    "prefix": [
      "Hr.",
      "Fr.",
      "Dr."
    ],
    "name": [
      "#{first_name} #{last_name}",
      "#{first_name} #{last_name}",
      "#{first_name} #{last_name}",
      "#{first_name} #{last_name}",
      "#{first_name} #{last_name}",
      "#{first_name} #{last_name}"
    ]
  },
  "phone_number": {
    "formats": [
      "0800 ### ###",
      "0800 ## ## ##",
      "0## ### ## ##",
      "0## ### ## ##",
      "+41 ## ### ## ##",
      "0900 ### ###",
      "076 ### ## ##",
      "+4178 ### ## ##",
      "0041 79 ### ## ##"
    ]
  }
}