{
  "title": "Ελληνικά",
  "separator": " & ",
  "address": {
    "county": [
      "Αθήνα",
      "Θεσσαλονίκη",
      "Πειραιάς",
      "Πάτρα",
      "Ηράκλειο",
      "Λάρισα",
      "Βόλος",
      "Ιωάννινα",
      "Τρίκαλα",
      "Σέρρες",
      "Χαλκίδα",
      "Αλεξανδρούπολη",
      "Ξάνθη",
      "Κατερίνη",
      "Αγρίνιο",
      "Καλαμάτα",
      "Καβάλα",
      "Χανιά",
      "Λαμία",
      "Κομοτηνή",
      "Ρόδος",
      "Δράμα",
      "Βέροια",
      "Κοζάνη",
      "Καρδίτσα",
      "Ρέθυμνο",
      "Πτολεμαΐδα",
      "Τρίπολη",
      "Κόρινθος",
      "Γέρακας",
      "Γιαννιτσά",
      "Μυτιλήνη",
      "Χίος",
      "Σαλαμίνα",
      "Ελευσίνα",
      "Κέρκυρα",
      "Πύργος",
      "Μέγαρα",
      "Κιλκίς",
      "Θήβα",
      "Άργος",
      "Άρτα",
      "Άρτεμη",
      "Λιβαδειά",
      "Ωραιόκαστρο",
      "Αίγιο",
      "Κως",
      "Κορωπί",
      "Πρέβεζα",
      "Νάουσα",
      "Ορεστιάδα",
      "Έδεσσα",
      "Φλώρινα",
      "Αμαλιάδα",
      "Παλλήνη",
      "Σπάρτη",
      "Θέρμη",
      "Βάρη",
      "Νέα",
      "Αλεξάνδρεια",
      "Παιανία",
      "Καλύβια",
      "Ναύπλιο",
      "Ναύπακτος",
      "Καστοριά",
      "Γρεβενά",
      "Νέα",
      "Μεσολόγγι",
      "Γάζι",
      "Ιεράπετρα",
      "Κάλυμνος",
      "Ραφήνα",
      "Λουτράκι",
      "Άγιος",
      "Ερμούπολη",
      "Ιαλυσός",
      "Τύρναβος",
      "Γλυκά Νερά"
    ],
    "default_country": [
      "Ελλάδα"
    ]
  },
  "credit_card": {
    "visa": [
      "/4###########L/",
      "/4###-####-####-###L/"
    ],
    "mastercard": [
      "/5[1-5]##-####-####-###L/",
      "/6771-89##-####-###L/"
    ],
    "discover": [
      "/6011-####-####-###L/",
      "/65##-####-####-###L/",
      "/64[4-9]#-####-####-###L/",
      "/6011-62##-####-####-###L/",
      "/65##-62##-####-####-###L/",
      "/64[4-9]#-62##-####-####-###L/"
    ],
    "american_express": [
      "/34##-######-####L/",
      "/37##-######-####L/"
    ],
    "maestro": [
      "/50#{9,16}L/",
      "/5[6-8]#{9,16}L/",
      "/56##{9,16}L/"
    ]
  },
  "company": {
    "suffix": [
      "Ε.Π.Ε.",
      "Α.Ε.",
      "και Υιοί",
      "Όμιλος"
    ],
    "adjective": [
      "Για προχωρημένους",
      "Αυτοματοποιημένη",
      "Ισορροπημένη",
      "Συγκεντρωτική",
      "Κλωνοποιημένα",
      "Συμβατές",
      "Παραμετρικές",
      "Προσαρμόσιμα",
      "Αποκεντρωμένη",
      "Ψηφιακές",
      "Κατανεμημένα",
      "Διαφορετικές",
      "Ενισχυμένη",
      "Εργονομία",
      "Διευρυμένη",
      "Επέκταση",
      "Ειδικός",
      "Πρώτης γραμμής",
      "Πλήρως παραμετροποιήσιμο",
      "Θεμελιώδη",
      "Λαϊκά",
      "Οριζόντια",
      "Καινοτόμες",
      "ολοκληρωμένη",
      "Έξυπνο",
      "Αντιστροφή",
      "Υπεύθυνη για τη διαχείριση",
      "Υποχρεωτικά",
      "Πολυμερής",
      "Πολυεπίπεδη",
      "Πολυεπίπεδη",
      "Δικτυωμένες",
      "Ανοιχτή πηγή",
      "Λειτουργικής",
      "Βελτιστοποιημένη",
      "Προαιρετικό",
      "Βιολογικά",
      "Οργανωμένες",
      "Μένοντας",
      "Επίμονη",
      "Σταδιακή",
      "Προληπτική",
      "Προληπτική",
      "Ριζική",
      "Προοδευτική",
      "Αντιδραστική",
      "Ευθυγραμμισμένο",
      "Μειωμένη",
      "Αντίστροφης μηχανικής",
      "Ανθεκτική",
      "Αδιάλειπτη",
      "Ασφαλής",
      "Κοινόχρηστο",
      "Βελτιωμένη",
      "Εναλλαγή",
      "Σύγχρονη",
      "Αναβαθμίσιμα",
      "Χρηστοκεντρικών",
      "Φιλική προς το χρήστη",
      "Ευέλικτο",
      "Εικονική",
      "Οραματιστής"
    ],
    "descriptor": [
      "24 ώρες το 24ώρο",
      "24/7",
      "3η γενιά",
      "4η γενικά",
      "5η γενιά",
      "6η γενιά",
      "asymmetric",
      "ασύγχρονο",
      "συνεχής",
      "αφιερωμένο",
      "διαδακτικό",
      "διακριτό",
      "δυναμικό",
      "παγκόσμιο",
      "υβριδικό",
      "δριαδραστικό",
      "τοπικό",
      "πολυμεσικό",
      "διεθνές",
      "επόμενης γενιάς",
      "αντικειμενοστραφή",
      "ιδανικό",
      "πραγματικού χρόνου",
      "δευτερεύων",
      "σταθερό",
      "στατικό",
      "προστιθέμενης αξίας"
    ],
    "noun": [
      "ικανότητα",
      "πρόσβαση",
      "αλγόριθμος",
      "αναλυτής",
      "εφαρμογή",
      "προσέγγιση",
      "αρχιτεκτονική",
      "αρχείο",
      "τεχνητή νοημοσύνη",
      "χωρητικότητα",
      "πρόκληση",
      "συνεργασία",
      "περιπλοκότητα",
      "πυρήνας",
      "βάση δεδομένων",
      "ορισμός",
      "συνάρτηση",
      "Διεπαφή Χρήστη",
      "υλικό",
      "υλοποίηση",
      "εγκατάσταση",
      "εγχειρίδιο χρήστη",
      "διεπαφή",
      "υπηρεσίες internet",
      "γνωσιακή βάση",
      "τοπικό δίκτυο",
      "μετρικές",
      "μεθοδολογία",
      "μοντέλο",
      "ανοιχτή αρχιτεκτονική",
      "ενορχήστρωση",
      "προϊόν",
      "παραγωγικότητα",
      "πρωτόκολο",
      "ασφαλής γραμμή",
      "λογισμικό",
      "στρατηγική",
      "επιτυχία",
      "υποστήρυξη"
    ],
    "bs_verb": [
      "χρησιμοποιούν",
      "ενσωμάτωση",
      "βελτιστοποιήσουν",
      "εξελιχθεί",
      "μεταμορφώσει",
      "αγκαλιάζουν",
      "επιτρέψει",
      "ενορχηστρώσει",
      "επανεφεύρουμε",
      "ενισχύσουν",
      "διευκολύνουν",
      "αδράξουν",
      "συνεργούν",
      "μεγαλώνουν",
      "συνθέσει",
      "παραδώσει",
      "αναλάβουν",
      "επιταχύνει",
      "απεικονίσει",
      "επαναπροσδιορίσουν",
      "καινοτομία",
      "απελευθερώσουν",
      "επεκτείνει",
      "δημιουργούν",
      "εκμεταλλεύονται",
      "επαναλάβει",
      "καλλιεργούν",
      "επαναπροσδιορίσει"
    ],
    "bs_adjective": [
      "Προστιθέμενη αξία",
      "Κάθετη",
      "Προληπτική",
      "Εύρωστο",
      "Επαναστατικό",
      "Κλιμακούμενες",
      "Προβάδισμα",
      "Καινοτόμες",
      "Διαισθητική",
      "Στρατηγικών",
      "E-business",
      "Κρίσιμης σημασίας",
      "Κολλάει",
      "Ένα προς ένα",
      "24/7",
      "Παγκόσμια",
      "B2B",
      "B2C",
      "Κοκκώδη",
      "Τριβές",
      "Εικονική",
      "Ιογενείς",
      "Δυναμική",
      "24/365",
      "Δολοφόνος",
      "Μαγνητικά",
      "Διαδραστικό",
      "Σέξι",
      "Πραγματικός χρόνος",
      "Αποτελεσματικό",
      "Κατανεμημένες",
      "Επεκτάσιμο",
      "Κλειδί στο χέρι",
      "Παγκόσμιας κλάσης",
      "Ανοιχτή πηγή",
      "Συνεργιστική",
      "Επιχείρηση",
      "Ολοκληρωμένη",
      "Εύστοχος",
      "Ασύρματο",
      "Διαφανής",
      "Επόμενη γενιά",
      "Αιχμής",
      "Επίκεντρο τον χρήστη",
      "Οραματιστής",
      "Προσαρμοσμένη",
      "Πανταχού παρούσα",
      "Plug-and-play",
      "Συνεργατική",
      "Συναρπαστικό",
      "Ολιστική",
      "Πλούσια"
    ],
    "bs_noun": [
      "συνέργειες",
      "παραδείγματα",
      "αγορές",
      "συνεργασίες",
      "υποδομές",
      "πλατφόρμες",
      "πρωτοβουλίες",
      "κανάλια",
      "μάτια",
      "κοινότητες",
      "λύσεις",
      "δράση-αντικείμενα",
      "πύλες",
      "θέσεις",
      "τεχνολογίες",
      "περιεχόμενο",
      "αλυσίδες προμηθειών",
      "σύγκλιση",
      "σχέσεις",
      "αρχιτεκτονικές",
      "διασυνδέσεις",
      "e-αγορές",
      "ηλεκτρονικό εμπόριο",
      "συστήματα",
      "μοντέλα",
      "παραδοτέα",
      "χρήστες",
      "σχήματα",
      "δίκτυα",
      "εφαρμογές",
      "μετρήσεις",
      "e-business",
      "λειτουργίες",
      "εμπειρίες",
      "διαδικτυακές υπηρεσίες",
      "μεθοδολογίες"
    ],
    "name": [
      "#{Name.last_name} #{suffix}",
      "#{Name.last_name}-#{Name.last_name}",
      "#{Name.last_name}, #{Name.last_name} and #{Name.last_name}"
    ]
  },
  "internet": {
    "domain_suffix": [
      "gr",
      "com",
      "biz",
      "info",
      "name"
    ]
  },
  "lorem": {
    "words": [
      "alias",
      "consequatur",
      "aut",
      "perferendis",
      "sit",
      "voluptatem",
      "accusantium",
      "doloremque",
      "aperiam",
      "eaque",
      "ipsa",
      "quae",
      "ab",
      "illo",
      "inventore",
      "veritatis",
      "et",
      "quasi",
      "architecto",
      "beatae",
      "vitae",
      "dicta",
      "sunt",
      "explicabo",
      "aspernatur",
      "aut",
      "odit",
      "aut",
      "fugit",
      "sed",
      "quia",
      "consequuntur",
      "magni",
      "dolores",
      "eos",
      "qui",
      "ratione",
      "voluptatem",
      "sequi",
      "nesciunt",
      "neque",
      "dolorem",
      "ipsum",
      "quia",
      "dolor",
      "sit",
      "amet",
      "consectetur",
      "adipisci",
      "velit",
      "sed",
      "quia",
      "non",
      "numquam",
      "eius",
      "modi",
      "tempora",
      "incidunt",
      "ut",
      "labore",
      "et",
      "dolore",
      "magnam",
      "aliquam",
      "quaerat",
      "voluptatem",
      "ut",
      "enim",
      "ad",
      "minima",
      "veniam",
      "quis",
      "nostrum",
      "exercitationem",
      "ullam",
      "corporis",
      "nemo",
      "enim",
      "ipsam",
      "voluptatem",
      "quia",
      "voluptas",
      "sit",
      "suscipit",
      "laboriosam",
      "nisi",
      "ut",
      "aliquid",
      "ex",
      "ea",
      "commodi",
      "consequatur",
      "quis",
      "autem",
      "vel",
      "eum",
      "iure",
      "reprehenderit",
      "qui",
      "in",
      "ea",
      "voluptate",
      "velit",
      "esse",
      "quam",
      "nihil",
      "molestiae",
      "et",
      "iusto",
      "odio",
      "dignissimos",
      "ducimus",
      "qui",
      "blanditiis",
      "praesentium",
      "laudantium",
      "totam",
      "rem",
      "voluptatum",
      "deleniti",
      "atque",
      "corrupti",
      "quos",
      "dolores",
      "et",
      "quas",
      "molestias",
      "excepturi",
      "sint",
      "occaecati",
      "cupiditate",
      "non",
      "provident",
      "sed",
      "ut",
      "perspiciatis",
      "unde",
      "omnis",
      "iste",
      "natus",
      "error",
      "similique",
      "sunt",
      "in",
      "culpa",
      "qui",
      "officia",
      "deserunt",
      "mollitia",
      "animi",
      "id",
      "est",
      "laborum",
      "et",
      "dolorum",
      "fuga",
      "et",
      "harum",
      "quidem",
      "rerum",
      "facilis",
      "est",
      "et",
      "expedita",
      "distinctio",
      "nam",
      "libero",
      "tempore",
      "cum",
      "soluta",
      "nobis",
      "est",
      "eligendi",
      "optio",
      "cumque",
      "nihil",
      "impedit",
      "quo",
      "porro",
      "quisquam",
      "est",
      "qui",
      "minus",
      "id",
      "quod",
      "maxime",
      "placeat",
      "facere",
      "possimus",
      "omnis",
      "voluptas",
      "assumenda",
      "est",
      "omnis",
      "dolor",
      "repellendus",
      "temporibus",
      "autem",
      "quibusdam",
      "et",
      "aut",
      "consequatur",
      "vel",
      "illum",
      "qui",
      "dolorem",
      "eum",
      "fugiat",
      "quo",
      "voluptas",
      "nulla",
      "pariatur",
      "at",
      "vero",
      "eos",
      "et",
      "accusamus",
      "officiis",
      "debitis",
      "aut",
      "rerum",
      "necessitatibus",
      "saepe",
      "eveniet",
      "ut",
      "et",
      "voluptates",
      "repudiandae",
      "sint",
      "et",
      "molestiae",
      "non",
      "recusandae",
      "itaque",
      "earum",
      "rerum",
      "hic",
      "tenetur",
      "a",
      "sapiente",
      "delectus",
      "ut",
      "aut",
      "reiciendis",
      "voluptatibus",
      "maiores",
      "doloribus",
      "asperiores",
      "repellat"
    ]
  },
  "name": {
    "first_name": [
      "Γεώργιος",
      "Ιωάννης",
      "Κώστας",
      "Δημήτρης",
      "Νικόλαος",
      "Παναγιώτης",
      "Βασίλης",
      "Χρήστος",
      "Αθανάσιος",
      "Μιχαήλ",
      "Ευάγγελος",
      "Σπύρος",
      "Αντώνης",
      "Αναστάσιος",
      "Θεόδωρος",
      "Ανδρέας",
      "Χαράλαμπος",
      "Αλέξανδρος",
      "Εμμανουήλ",
      "Ηλίας",
      "Σταύρος",
      "Πέτρος",
      "Σωτήριος",
      "Στυλιανός",
      "Ελευθέριος",
      "Απόστολος",
      "Φώτιος",
      "Διονύσιος",
      "Γρηγόριος",
      "Άγγελος",
      "Στέφανος",
      "Ευστάθιος",
      "Παύλος",
      "Παρασκευάς",
      "Αριστείδης",
      "Λεωνίδας"
    ],
    "last_name": [
      "Αβραμίδης",
      "Αγγελίδης",
      "Αγγελίδου",
      "Αγγελόπουλος",
      "Αγγελοπούλου",
      "Αθανασιάδης",
      "Αθανασίου",
      "Ακρίδας",
      "Αλαβάνος",
      "Αλαφούζος",
      "Αλεβιζόπουλος",
      "Αλεβίζος",
      "Αλεξάκης",
      "Αλεξίου",
      "Αλεξόπουλος",
      "Αλεξανδρίδης",
      "Αλεξάνδρου",
      "Αλεξιάδης",
      "Αλιβιζάτος",
      "Αναγνωστάκης",
      "Αναγνώστου",
      "Αναστασιάδης",
      "Ανδρεάδης",
      "Ανδρέου",
      "Αντωνιάδης",
      "Αντωνόπουλος",
      "Αντωνοπούλου",
      "Αξιώτης",
      "Αποστόλου",
      "Αποστολίδης",
      "Αρβανίτης",
      "Αργυριάδης",
      "Ασπάσιος",
      "Αυγερινός (επώνυμο)",
      "Βάμβας",
      "Βαμβακάς",
      "Βαρνακιώτης",
      "Βαρουξής",
      "Βασιλόπουλος",
      "Βασιλείου",
      "Βασιλειάδης",
      "Βασιλικός",
      "Βενιζέλος",
      "Βέργας",
      "Βικελίδης",
      "Βιλαέτης",
      "Βιτάλη",
      "Βιτάλης",
      "Βλαβιανός",
      "Βλαστός",
      "Βλαχόπουλος",
      "Βούλγαρης",
      "Βονόρτας",
      "Βουγιουκλάκης",
      "Βουρδουμπάς",
      "Βυζάντιος",
      "Γαλάνη",
      "Γαλάνης",
      "Γεννάδιος",
      "Γερμανός",
      "Γερμανού",
      "Γεωργίου",
      "Γεωργιάδης",
      "Γιάγκος",
      "Γιαννόπουλος",
      "Γιαννακόπουλος",
      "Γιάνναρης",
      "Γκόφας",
      "Γλυκύς",
      "Γούναρης",
      "Γούσιος",
      "Δάβης",
      "Δαγκλής",
      "Δαμασκηνός",
      "Δασκαλόπουλος",
      "Δασκαλοπούλου",
      "Δελή",
      "Δεσποτόπουλος",
      "Δημαράς",
      "Δημητρίου",
      "Δημητρακόπουλος",
      "Διαμαντόπουλος",
      "Διδασκάλου",
      "Δοξαράς",
      "Δουμπιώτης",
      "Δουρέντης",
      "Δράκος",
      "Δραγούμης",
      "Δυοβουνιώτης",
      "Ελευθερόπουλος",
      "Ελευθεριάδης",
      "Ελευθερίου",
      "Ευταξίας",
      "Ζάνος",
      "Ζάππας",
      "Ζάρκος",
      "Ζάχος",
      "Ζέρβας",
      "Ζαΐμης",
      "Ζαφειρόπουλος",
      "Ζαχαρίου",
      "Ζερβός",
      "Ζυγομαλάς",
      "Ζωγράφος",
      "Ζωγράφου",
      "Ηλιόπουλος",
      "Θεοδοσίου",
      "Θεοδωρίδης",
      "Θεοτόκης",
      "Ιωαννίδης",
      "Ιωάννου",
      "Καζαντζής",
      "Κακριδής",
      "Καλάρης",
      "Καλύβας",
      "Καλαμογδάρτης",
      "Καλλιγάς",
      "Καλογιάννης",
      "Κανακάρης-Ρούφος",
      "Καραβίας",
      "Καραμήτσος",
      "Καραμανλής",
      "Καρράς",
      "Κασιδιάρης",
      "Καψής",
      "Κεδίκογλου",
      "Κούνδουρος",
      "Κολιάτσος",
      "Κομνηνός",
      "Κοντολέων",
      "Κοντόσταυλος",
      "Κόρακας",
      "Κορνάρος",
      "Κορομηλάς",
      "Κορωναίος",
      "Κοσμόπουλος",
      "Κοτζιάς",
      "Κουβέλης",
      "Κουντουριώτης",
      "Κουρμούλης",
      "Κουταλιανός",
      "Κρεστενίτης",
      "Κυπραίος",
      "Κωνσταντίνου",
      "Κωνσταντόπουλος",
      "Λόντος",
      "Λύτρας",
      "Λαγός",
      "Λαιμός (επώνυμο)",
      "Λαμέρας",
      "Λαμπρόπουλος",
      "Λειβαδάς",
      "Λιάπης",
      "Λιακόπουλος",
      "Λούλης",
      "Λούπης",
      "Λύκος",
      "Μάγκας",
      "Μήτζου",
      "Μαγγίνας",
      "Μακρή",
      "Μακρής",
      "Μαλαξός",
      "Μανιάκης",
      "Μανωλάς",
      "Μαρής",
      "Μαρκόπουλος",
      "Μαυρίδης",
      "Μαυρογένης",
      "Μελετόπουλος",
      "Μέλιοι",
      "Μεσσηνέζης",
      "Μεταξάς",
      "Μητσοτάκης",
      "Μιαούλης",
      "Μιχαηλίδης",
      "Μιχαλολιάκος",
      "Μοσχοβάκης",
      "Μπότσαρης",
      "Μπλέτσας",
      "Μπουκουβαλαίοι",
      "Νικολαΐδης",
      "Νικολάκος",
      "Οικονόμου",
      "Ουζουνίδης",
      "Πανταζής",
      "Παπαγεωργίου",
      "Παπάγος",
      "Παπαδάκης",
      "Παπαδόπουλος",
      "Παπάζογλου",
      "Παπακώστας",
      "Παπακωνσταντίνου",
      "Παπανδρέου",
      "Παπανικολάου",
      "Παπαντωνίου",
      "Παπαστεφάνου",
      "Παπαφιλίππου",
      "Παπαϊωάννου",
      "Παππάς"
    ],
    "prefix": [
      "Κυρία",
      "Δυς",
      "Κύριος",
      "Δόκτορ"
    ],
    "title": {
      "descriptor": [
        "Senior",
        "Εταιρείες",
        "Πελάτης",
        "Επενδυτής",
        "Εσωτερικό",
        "Κύριος"
      ],
      "level": [
        "Λύσεις",
        "Πρόγραμμα",
        "Μάρκα",
        "Ασφάλεια",
        "Έρευνα",
        "Μάρκετινγκ",
        "Οδηγιών",
        "Εφαρμογή",
        "Ενσωμάτωση",
        "Λειτουργικότητα",
        "Τακτική",
        "Ταυτότητα",
        "Αγορές",
        "Όμιλος",
        "Εφαρμογές",
        "Βελτιστοποίηση",
        "Δραστηριότητες",
        "Υποδομή",
        "Intranet",
        "Επικοινωνίες",
        "Web",
        "Branding",
        "Ποιότητα",
        "Διασφάλιση",
        "Κινητικότητα",
        "Λογαριασμοί",
        "Δεδομένα",
        "Δημιουργική",
        "Διαμόρφωση",
        "Μετρήσεις"
      ],
      "job": [
        "Επόπτης",
        "Συνεργάτης",
        "Σύμβουλος",
        "Διευθυντής",
        "Μηχανικός",
        "Ειδικός",
        "Διευθυντής",
        "Συντονιστή",
        "Διαχειριστής",
        "Αναλυτής",
        "Designer",
        "Τεχνικός",
        "Προγραμματιστής",
        "Παραγωγός",
        "Σύμβουλος",
        "Βοηθός",
        "Συντονιστής",
        "Εκπρόσωπος",
        "Αντιπρόσωπος"
      ]
    },
    "name": [
      "#{prefix} #{first_name} #{last_name}",
      "#{first_name} #{last_name} #{suffix}",
      "#{first_name} #{last_name}",
      "#{first_name} #{last_name}",
      "#{first_name} #{last_name}",
      "#{first_name} #{last_name}"
    ]
  },
  "phone_number": {
    "formats": [
      "2310# #####",
      "2312# #####",
      "2313# #####",
      "222# ######",
      "223# ######",
      "227# ######",
      "224# ######",
      "226# ######",
      "225# ######",
      "232# ######",
      "229# ######",
      "228# ######",
      "233# ######",
      "234# ######",
      "235# ######",
      "237# ######",
      "238# ######",
      "239# ######",
      "241# ######",
      "242# ######",
      "243# ######",
      "244# ######",
      "246# ######",
      "249# ######",
      "251# ######",
      "252# ######",
      "253# ######",
      "254# ######",
      "255# ######",
      "259# ######",
      "261# ######",
      "262# ######",
      "263# ######",
      "264# ######",
      "265# ######",
      "266# ######",
      "267# ######",
      "268# ######",
      "269# ######",
      "271# ######",
      "272# ######",
      "273# ######",
      "274# ######",
      "275# ######",
      "276# ######",
      "279# ######",
      "281# ######",
      "282# ######",
      "283# ######",
      "284# ######",
      "289# ######",
      "0800 ######"
    ]
  },
  "cell_phone": {
    "formats": [
      "697## ######",
      "698## ######",
      "699## ######",
      "692## ######"
    ]
  },
  "business": {
    "credit_card_numbers": [
      "1234-2121-1221-1211",
      "1212-1221-1121-1234",
      "1211-1221-1234-2201",
      "1228-1221-1221-1431"
    ],
    "credit_card_expiry_dates": [
      "2011-10-12",
      "2012-11-12",
      "2015-11-11",
      "2013-9-12"
    ],
    "credit_card_types": [
      "visa",
      "mastercard",
      "americanexpress",
      "discover"
    ]
  },
  "commerce": {
    "color": [
      "κοκκικο",
      "πράσινο",
      "μπλε",
      "κίτρινο",
      "μωβ",
      "λευκό",
      "μαύρο",
      "πορτοκαλί",
      "ροζ",
      "γκρί",
      "βιολετί",
      "τρικουάζ",
      "λαδί",
      "χρυσό",
      "φουξια",
      "κυανό",
      "ασημί"
    ],
    "department": [
      "Βιβλία",
      "Ταινίες",
      "Μουσική",
      "Παιχνίδια",
      "Ηλεκτρονικές Συσκευές",
      "Υπολογιστές",
      "Σπίτι",
      "Κήπος",
      "Εργαλεία",
      "Grocery",
      "Υγεία",
      "Ομορφιά",
      "Παιχνίδια",
      "Παιδί",
      "Μωρό",
      "Ρουχισμός",
      "Παπούτσια",
      "Κοσμήματα",
      "Sports",
      "Εξοχή",
      "Αυτοκίνητο",
      "Βιομηχανικά"
    ],
    "product_name": {
      "adjective": [
        "Μικρό",
        "Εργονομικό",
        "Αγροτικό",
        "Απίστευτο",
        "Φανταστικό",
        "Πρακτικό",
        "Κομψό",
        "Χειροποίητα",
        "Χειροποίητο",
        "Άδεια"
      ],
      "material": [
        "Ξύλινο",
        "Πλαστικό",
        "Μέταλο",
        "Φρέσκο",
        "Κατεψυγμένο"
      ],
      "product": [
        "Καρέκλα",
        "Αυτοκίνητο",
        "Υπολογιστής",
        "Πληκτρολόγιο",
        "Ποντίκι",
        "Ποδήλατο",
        "Μπάλα",
        "Γάντια",
        "Παντελόνι",
        "Πουκάμισο",
        "Τραπέζι",
        "Παπούτσια",
        "Καπέλο",
        "Πετσέτες",
        "Σαπούνι",
        "Τόνος",
        "Κοτόπουλο",
        "Ωάρι",
        "Τυρί",
        "Pizza",
        "Σαλάτα",
        "Λουκάνικα"
      ]
    }
  },
  "team": {
    "creature": [
      "μυρμήγκια",
      "νυχτερίδες",
      "αρκούδες",
      "μέλισσες",
      "πουλιά",
      "βουβάλια",
      "γάτες",
      "κοτόπουλα",
      "βοοειδή",
      "σκυλιά",
      "δελφίνια",
      "πάπιες",
      "ελέφαντες",
      "ψάρια",
      "αλεπούδες",
      "βατράχια",
      "χήνες",
      "ερίφια",
      "άλογα",
      "καγκουρό",
      "λιοντάρια",
      "μαϊμούδες",
      "κουκουβάγιες",
      "βόδια",
      "πιγκουίνοι",
      "Άνθρωποι",
      "γουρούνια",
      "κουνέλια",
      "πρόβατα",
      "τίγρεις",
      "φάλαινες",
      "λύκοι",
      "ζέβρες",
      "κοράκια",
      "μαύρεςγάτες",
      "χίμαιρες",
      "φαντάσματα",
      "συνωμότες",
      "δράκους",
      "νάνοι",
      "ξωτικά",
      "enchanters",
      "εξορκιστές",
      "γιοι",
      "εχθρούς",
      "γίγαντες",
      "στοιχειά",
      "ξωτικά",
      "χήνες",
      "γρύπες",
      "Νέμεσις",
      "δράκοι",
      "χρησμούς",
      "προφήτες",
      "αράχνες",
      "πνεύματα",
      "βαμπίρ",
      "warlocks",
      "Vixens",
      "λυκάνθρωποι",
      "μάγισσες",
      "προσκυνητές",
      "ζόμπι",
      "Δρυίδες"
    ],
    "name": [
      "#{Address.state} #{creature}"
    ]
  },
  "hacker": {
    "abbreviation": [
      "TCP",
      "HTTP",
      "SDD",
      "RAM",
      "GB",
      "CSS",
      "SSL",
      "AGP",
      "SQL",
      "FTP",
      "PCI",
      "AI",
      "ADP",
      "RSS",
      "XML",
      "EXE",
      "COM",
      "HDD",
      "THX",
      "SMTP",
      "SMS",
      "USB",
      "PNG",
      "SAS",
      "IB",
      "SCSI",
      "JSON",
      "XSS",
      "JBOD"
    ],
    "adjective": [
      "οδηγός",
      "πρωτογενής",
      "ψηφιακή",
      "ανοιχτή πηγή",
      "εικονική",
      "ασύρματο",
      "1080p",
      "οπτική",
      "κινητό"
    ],
    "noun": [
      "οδηγός",
      "πρωτόκολο",
      "ταχύτητα",
      "panel",
      "μικρότσιπ",
      "πρόγραμμα",
      "πόρτα",
      "κάρτα",
      "διεπαφή",
      "σύστημα",
      "σένσορας",
      "ασφάλεια",
      "σκληρός δίσκος",
      "feed",
      "οθόνη",
      "εφαρμογή",
      "δίαυλος",
      "διάγραμμα",
      "πυκνωτής",
      "πίνακας"
    ],
    "verb": [
      "back up",
      "bypass",
      "hack",
      "προσπέραση",
      "συμπίεση",
      "αντιγραφή",
      "περιήγηση",
      "σύνδεση",
      "υπολογισμός",
      "είσοδος",
      "μεταφορά",
      "πρόγραμμα",
      "επανεκκίνηση",
      "προσπέλαση"
    ]
  },
  "app": {
    "name": [
      "ΤΡΑΠΕΖΑ ΤΗΣ ΕΛΛΑΔΟΣ",
      "ΕΜΠΟΡΙΚΗ ΤΡΑΠΕΖΑ ΤΗΣ ΕΛΛΑΔΟΣ Α.Ε.",
      "Η ΕΘΝΙΚΗ (ΕΛΛ. ΕΤΑΙΡΙΑ ΓΕΝ. ΑΣΦΑΛΕΙΩΝ)",
      "ΑΙΟΛΙΚΗ Α.Ε.Ε.Χ.",
      "ΚΑΖΙΝΟ ΠΟΡΤΟ ΚΑΡΡΑΣ Α.Ε.",
      "ΛΑΝΑΚΑΜ Α.Ε.",
      "ΠΛΑΣΤΙΚΑ ΘΡΑΚΗΣ Α.Β.Ε.Ε.",
      "ΤΙΤΑΝ ΑΝΩΝΥΜΗ ΕΤΑΙΡΙΑ ΤΣΙΜΕΝΤΩΝ",
      "S & B ΒΙΟΜΗΧΑΝΙΚΑ ΟΡΥΚΤΑ Α.Ε.",
      "Α. ΚΑΛΠΙΝΗΣ - Ν.ΣΙΜΟΣ Α.Ε.Β.Ε.",
      "Χ. ΡΟΚΑΣ Α.Β.Ε.Ε.",
      "ELBISCO A.E ΣΥΜΜΕΤΟΧΩΝ",
      "ΚΥΛΙΝΔΡΟΜΥΛΟΙ Κ. ΣΑΡΑΝΤΟΠΟΥΛΟΣ Α.Ε.",
      "ΑΛΥΣΙΔΑ Α.Β.Ε.Ε.",
      "ΕΜΠΟΡΙΚΟΣ ΔΕΣΜΟΣ Α.Ε.Β.Ε",
      "ΙΠΠΟΤΟΥΡ Α.Ε.",
      "ΣΠ. ΤΑΣΟΓΛΟΥ Α.Ε.- DELONGHI",
      "ΕΚΤΕΡ Α.Ε.",
      "ΙΜΠΕΡΙΟ Α.Ε.",
      "ΡΑΔΙΟ Α. ΚΟΡΑΣΙΔΗΣ Ε.Ε.Α.Ε.",
      "ΜΙΝΩΙΚΕΣ ΓΡΑΜΜΕΣ",
      "MEVACO ΜΕΤΑΛΛΟΥΡΓΙΚΗ Α.Β.Ε.Ε.",
      "Ε.ΥΔ.Α.Π. Α.Ε.",
      "ΒΟΓΙΑΤΖΟΓΛΟΥ SYSTEMS Α.Ε.",
      "ΑΓΡΟΤΙΚΗ ΤΡΑΠΕΖΑ ΤΗΣ ΕΛΛΑΔΟΣ Α.Ε.",
      "ΠΡΟΜΟΤΑ ΕΛΛΑΣ Α.Ε",
      "COMPUCON ΕΦΑΡΜΟΓΕΣ ΥΠΟΛΟΓΙΣΤΩΝ ΑΒΕΕ",
      "CENTRIC ΠΟΛΥΜΕΣΑ ΑΝΩΝΥΜΗ ΕΤΑΙΡΕΙΑ",
      "FASHION BOX ΕΛΛΑΣ ΑΕ",
      "Ι. ΚΛΟΥΚΙΝΑΣ - Ι. ΛΑΠΠΑΣ ΤΕΧΝΙΚΗ ΚΑΙ ΕΜΠΟΡΙΚΗ Α.Ε.",
      "ΕΛΙΝΟΙΛ ΕΛΛΗΝΙΚΗ ΕΤΑΙΡΙΑ ΠΕΤΡΕΛΑΙΩΝ ΑΝΩΝΥΜΗ ΕΤΑΙΡΙΑ",
      "ΔΕΛΤΑ ΜΗΧΑΝΟΛΟΓΙΚΟΣ ΕΞΟΠΛΙΣΜΟΣ & ΟΛΟΚΛΗΡΩΜΕΝΑ ΕΡΓΑ ΑΒΕΤΕ"
    ],
    "version": [
      "0.#.#",
      "0.##",
      "#.##",
      "#.#",
      "#.#.#"
    ],
    "author": [
      "#{Name.name}",
      "#{Company.name}"
    ]
  },
  "finance": {
    "account_type": [
      "Καταθετικός",
      "Μισθοδοσίας",
      "Δανειακός"
    ],
    "transaction_type": [
      "κατάθεση",
      "ανάληψη",
      "πληρωμή",
      "τιμολόγιο"
    ],
    "currency": [
      {
        "name": "Ευρώ",
        "code": "EUR",
        "symbol": "€"
      }
    ]
  }
}