{
  "title": "South Africa (English)",
  "address": {
    "city": [
      "#{city_prefix}"
    ],
    "city_prefix": [
      "Polokwane",
      "Johannesburg",
      "Pretoria",
      "Tshwane",
      "Durban",
      "Pietermaritzburg",
      "Nelspruit",
      "Cape Town",
      "Stellenbosch",
      "Port Elizabeth",
      "East London",
      "Kimberley",
      "Rustenburg",
      "Bloemfontein "
    ],
    "default_country": [
      "South Africa",
      "The Republic of South Africa",
      "SA",
      "South Africa"
    ],
    "postcode": [
      "#####",
      "####"
    ],
    "state": [
      "Limpopo",
      "Gauteng",
      "Free State,",
      "North West",
      "Northern Cape",
      "Western Cape,",
      "KwaZulu-Natal",
      "Mpumalanga",
      "Eastern Cape"
    ]
  },
  "internet": {
    "domain_suffix": [
      "co.za",
      "com",
      "org.za",
      "info",
      "net.za"
    ]
  },
  "name": {
    "name": [
      "#{first_name} #{last_name}",
      "#{last_name} #{first_name}"
    ],
    "male_first_name": [
      "James",
      "John",
      "Robert",
      "Michael",
      "William",
      "David",
      "Richard",
      "Thomas",
      "Charles",
      "Christopher",
      "Daniel",
      "Dante",
      "Paul",
      "Mark",
      "George",
      "Kenneth",
      "Steven",
      "Edward",
      "Brian",
      "Ronald",
      "Anthony",
      "Albert",
      "Alfred",
      "Kevin",
      "Jason",
      "Matthew",
      "Gary",
      "Timothy",
      "Frank",
      "Eric",
      "Stephen",
      "Andrew",
      "Raymond",
      "Greg",
      "Joshua",
      "Jerry",
      "Dennis",
      "Peter",
      "Henry",
      "Carl",
      "Arthur",
      "Ryan",
      "Roger",
      "Joe",
      "Juan",
      "Jonathan",
      "Justin",
      "Terry",
      "Gerald",
      "Keith",
      "Samuel",
      "Willie",
      "Ralph",
      "Roy",
      "Brandon",
      "Adam",
      "Harry",
      "Wayne",
      "Billy",
      "Steve",
      "Louis",
      "Jeremy",
      "Howard",
      "Eugene",
      "Carlos",
      "Russell",
      "Bobby",
      "Victor",
      "Martin",
      "Ernest",
      "Phillip",
      "Craig",
      "Alan",
      "Shawn",
      "Sean",
      "Philip",
      "Chris",
      "Johnny",
      "Earl",
      "Jimmy",
      "Bryan",
      "Tony",
      "Luis",
      "Mike",
      "Stanley",
      "Leonard",
      "Nathan",
      "Dale",
      "Manuel",
      "Rodney",
      "Curtis",
      "Norman",
      "Allen",
      "Marvin",
      "Vincent",
      "Glenn",
      "Travis",
      "Jacob",
      "Kyle",
      "Francis",
      "Bradley",
      "Joel",
      "Edwin",
      "Eddie",
      "Barry",
      "Alexander",
      "Bernard",
      "Marcus",
      "Micheal",
      "Theodore",
      "Clifford",
      "Miguel",
      "Oscar",
      "Jay",
      "Jim",
      "Tom",
      "Calvin",
      "Alex",
      "Jon",
      "Ronnie",
      "Bill",
      "Lloyd",
      "Tommy",
      "Leon",
      "Derek",
      "Warren",
      "Darrell",
      "Jerome",
      "Leo",
      "Tim",
      "Wesley",
      "Gordon",
      "Dean",
      "Greg",
      "Jorge",
      "Dustin",
      "Derrick",
      "Dan",
      "Herman",
      "Glen",
      "Shane",
      "Rick",
      "Brent",
      "Tyler",
      "Marc",
      "Ruben",
      "Brett",
      "Nathaniel",
      "Rafael",
      "Leslie",
      "Edgar",
      "Raul",
      "Ben",
      "Chester",
      "Cecil",
      "Duane",
      "Franklin",
      "Andre",
      "Elmer",
      "Brad",
      "Gabriel",
      "Ron",
      "Mitchell",
      "Roland",
      "Arnold",
      "Harvey",
      "Jared",
      "Adrian",
      "Karl",
      "Cory",
      "Claude",
      "Erik",
      "Darryl",
      "Jamie",
      "Neil",
      "Jessie",
      "Christian",
      "Ted",
      "Mathew",
      "Tyrone",
      "Darren",
      "Kurt",
      "Allan",
      "Guy",
      "Max",
      "Dwayne",
      "Ian",
      "Ken",
      "Bob",
      "Dave",
      "Ivan",
      "Johnnie",
      "Sid",
      "Sidney",
      "Byron",
      "Julian",
      "Morris",
      "Clifton",
      "Willard",
      "Daryl",
      "Ross",
      "Andy",
      "Kirk",
      "Terrence",
      "Fred",
      "Freddie",
      "Wade",
      "Stuart",
      "Joey",
      "Nick",
      "Julius",
      "Trevor",
      "Luke",
      "Gerard",
      "Hubert",
      "Shaun",
      "Matt",
      "Cameron",
      "Neal",
      "Wilbur",
      "Grant",
      "Jean",
      "Johnathan",
      "Rudolph",
      "Rudy",
      "Marco",
      "Garry",
      "Bennie",
      "Ed",
      "Colin",
      "Earnest",
      "Lucas",
      "Benny",
      "Noel",
      "Garrett",
      "Gregg",
      "Devin",
      "Kim",
      "Simon",
      "Rufus",
      "Clint",
      "Josh",
      "Hugo",
      "Erick",
      "Frankie",
      "Stewart",
      "Terence",
      "Conrad",
      "Percy",
      "Tommie",
      "Jan"
    ],
    "female_first_name": [
      "Mary",
      "Patricia",
      "Linda",
      "Barbara",
      "Elizabeth",
      "Jennifer",
      "Susan",
      "Margaret",
      "Dorothy",
      "Lisa",
      "Karen",
      "Helen",
      "Sandra",
      "Donna",
      "Carol",
      "Ruth",
      "Sharon",
      "Michelle",
      "Laura",
      "Sarah",
      "Kimberly",
      "Deborah",
      "Jessica",
      "Shirley",
      "Cynthia",
      "Angela",
      "Melissa",
      "Brenda",
      "Amy",
      "Anna",
      "Rebecca",
      "Kathleen",
      "Amanda",
      "Stephanie",
      "Carolyn",
      "Christine",
      "Marie",
      "Janet",
      "Catherine",
      "Ann",
      "Joyce",
      "Diane",
      "Alice",
      "Julie",
      "Heather",
      "Teresa",
      "Evelyn",
      "Cheryl",
      "Katherine",
      "Joan",
      "Ashley",
      "Judith",
      "Rose",
      "Janice",
      "Kelly",
      "Nicole",
      "Judy",
      "Christina",
      "Kathy",
      "Theresa",
      "Beverly",
      "Denise",
      "Tammy",
      "Irene",
      "Jane",
      "Lori",
      "Rachel",
      "Marilyn",
      "Andrea",
      "Kathryn",
      "Louise",
      "Sara",
      "Anne",
      "Jacqueline",
      "Julia",
      "Tina",
      "Paula",
      "Diana",
      "Annie",
      "Lillian",
      "Emily",
      "Robin",
      "Rita",
      "Tracy",
      "Edna",
      "Tiffany",
      "Carmen",
      "Cindy",
      "Edith",
      "Kim",
      "Sherry",
      "Shannon",
      "Ethel",
      "Ellen",
      "Elaine",
      "Charlotte",
      "Monica",
      "Pauline",
      "Emma",
      "Juanita",
      "Anita",
      "Rhonda",
      "Hazel",
      "Amber",
      "Debbie",
      "Clara",
      "Lucille",
      "Joanne",
      "Eleanor",
      "Megan",
      "Alicia",
      "Suzanne",
      "Michele",
      "Gail",
      "Geraldine",
      "Lauren",
      "Cathy",
      "Joann",
      "Lorraine",
      "Lynn",
      "Erica",
      "Beatrice",
      "Bernice",
      "Audrey",
      "Yvonne",
      "Annette",
      "Samantha",
      "Dana",
      "Stacy",
      "Ana",
      "Renee",
      "Ida",
      "Vivian",
      "Roberta",
      "Melanie",
      "Yolanda",
      "Jeanette",
      "Katie",
      "Kristen",
      "Vanessa",
      "Alma",
      "Sue",
      "Elsie",
      "Beth",
      "Jeanne",
      "Vicki",
      "Carla",
      "Tara",
      "Rosemary",
      "Eileen",
      "Lucy",
      "Stacey",
      "Wilma",
      "Gina",
      "Kristin",
      "Jessie",
      "Natalie",
      "Charlene",
      "Melinda",
      "Maureen",
      "Colleen",
      "Allison",
      "Tamara",
      "Joy",
      "Claudia",
      "Jackie",
      "Marcia",
      "Tanya",
      "Nellie",
      "Marlene",
      "Heidi",
      "Glenda",
      "Lydia",
      "Viola",
      "Courtney",
      "Marian",
      "Stella",
      "Caroline",
      "Vickie",
      "Maxine",
      "Irma",
      "Christy",
      "Deanna",
      "Hilda",
      "Jennie",
      "Nora",
      "Nina",
      "Cassandra",
      "Leah",
      "Priscilla",
      "Carole",
      "Olga",
      "Billie",
      "Dianne",
      "Tracey",
      "Leona",
      "Jenny",
      "Felicia",
      "Sonia",
      "Kristina",
      "Shelly",
      "Sherri",
      "Erika",
      "Katrina",
      "Claire",
      "Lindsay",
      "Belinda",
      "Margarita",
      "Sheryl",
      "Natasha",
      "Molly",
      "Cecilia",
      "Kristi",
      "Brandi",
      "Blanche",
      "Sandy",
      "Rosie",
      "Joanna",
      "Iris",
      "Eunice",
      "Angie",
      "Lynda",
      "Madeline",
      "Amelia",
      "Monique",
      "Maggie",
      "Kayla",
      "Sonya",
      "Jan",
      "Lee",
      "Kristine",
      "Candace",
      "Alison",
      "Yvette",
      "Melody",
      "Olivia",
      "Kristy",
      "Antoinette",
      "Candice",
      "Bridget",
      "Karla",
      "Celia",
      "Gayle",
      "Vicky",
      "Lynne",
      "Sheri",
      "Marianne",
      "Kara",
      "Jacquelyn",
      "Erma",
      "Leticia",
      "Krista",
      "Roxanne",
      "Robyn",
      "Rosalie",
      "Alexandra",
      "Brooke",
      "Bethany",
      "Bernadette",
      "Traci",
      "Nichole",
      "Krystal",
      "Angelina",
      "Nadine",
      "Estelle",
      "Dianna",
      "Rosemarie",
      "Desiree",
      "Lynette",
      "Cristina",
      "Leigh",
      "Meghan",
      "Eloise",
      "Rochelle",
      "Jana",
      "Gwen",
      "Kerry",
      "Jenna",
      "Tricia",
      "Laverne",
      "Alexis",
      "Tasha",
      "Kellie",
      "Sonja",
      "Mandy",
      "Lorene",
      "Elsa",
      "Camille",
      "Tami",
      "Elisa",
      "Kristie"
    ],
    "first_name": [
      "Rapulane",
      "Nthabiseng",
      "Kopano",
      "Mpho",
      "Lungelo",
      "Ziyanda",
      "Nqobile",
      "Monde",
      "Mary",
      "Patricia",
      "Linda",
      "Barbara",
      "Elizabeth",
      "Jennifer",
      "Susan",
      "Margaret",
      "Dorothy",
      "Lisa",
      "Karen",
      "Helen",
      "Sandra",
      "Donna",
      "Carol",
      "Ruth",
      "Sharon",
      "Michelle",
      "Laura",
      "Sarah",
      "Kimberly",
      "Deborah",
      "Jessica",
      "Shirley",
      "Cynthia",
      "Angela",
      "Melissa",
      "Brenda",
      "Amy",
      "Anna",
      "Rebecca",
      "Kathleen",
      "Amanda",
      "Stephanie",
      "Carolyn",
      "Christine",
      "Marie",
      "Janet",
      "Catherine",
      "Ann",
      "Joyce",
      "Diane",
      "Alice",
      "Julie",
      "Heather",
      "Teresa",
      "Evelyn",
      "Cheryl",
      "Katherine",
      "Joan",
      "Ashley",
      "Judith",
      "Rose",
      "Janice",
      "Kelly",
      "Nicole",
      "Judy",
      "Christina",
      "Kathy",
      "Theresa",
      "Beverly",
      "Denise",
      "Tammy",
      "Irene",
      "Jane",
      "Lori",
      "Rachel",
      "Marilyn",
      "Andrea",
      "Kathryn",
      "Louise",
      "Sara",
      "Anne",
      "Jacqueline",
      "Julia",
      "Tina",
      "Paula",
      "Diana",
      "Annie",
      "Lillian",
      "Emily",
      "Robin",
      "Rita",
      "Tracy",
      "Edna",
      "Tiffany",
      "Carmen",
      "Cindy",
      "Edith",
      "Kim",
      "Sherry",
      "Shannon",
      "Ethel",
      "Ellen",
      "Elaine",
      "Charlotte",
      "Monica",
      "Pauline",
      "Emma",
      "Juanita",
      "Anita",
      "Rhonda",
      "Hazel",
      "Amber",
      "Debbie",
      "Clara",
      "Lucille",
      "Joanne",
      "Eleanor",
      "Megan",
      "Alicia",
      "Suzanne",
      "Michele",
      "Gail",
      "Geraldine",
      "Lauren",
      "Cathy",
      "Joann",
      "Lorraine",
      "Lynn",
      "Erica",
      "Beatrice",
      "Bernice",
      "Audrey",
      "Yvonne",
      "Annette",
      "Samantha",
      "Dana",
      "Stacy",
      "Ana",
      "Renee",
      "Ida",
      "Vivian",
      "Roberta",
      "Melanie",
      "Yolanda",
      "Jeanette",
      "Katie",
      "Kristen",
      "Vanessa",
      "Alma",
      "Sue",
      "Elsie",
      "Beth",
      "Jeanne",
      "Vicki",
      "Carla",
      "Tara",
      "Rosemary",
      "Eileen",
      "Lucy",
      "Stacey",
      "Wilma",
      "Gina",
      "Kristin",
      "Jessie",
      "Natalie",
      "Charlene",
      "Melinda",
      "Maureen",
      "Colleen",
      "Allison",
      "Tamara",
      "Joy",
      "Claudia",
      "Jackie",
      "Marcia",
      "Tanya",
      "Nellie",
      "Marlene",
      "Heidi",
      "Glenda",
      "Lydia",
      "Viola",
      "Courtney",
      "Marian",
      "Stella",
      "Caroline",
      "Vickie",
      "Maxine",
      "Irma",
      "Christy",
      "Deanna",
      "Hilda",
      "Jennie",
      "Nora",
      "Nina",
      "Cassandra",
      "Leah",
      "Priscilla",
      "Carole",
      "Olga",
      "Billie",
      "Dianne",
      "Tracey",
      "Leona",
      "Jenny",
      "Felicia",
      "Sonia",
      "Kristina",
      "Shelly",
      "Sherri",
      "Erika",
      "Katrina",
      "Claire",
      "Lindsay",
      "Belinda",
      "Margarita",
      "Sheryl",
      "Natasha",
      "Molly",
      "Cecilia",
      "Kristi",
      "Brandi",
      "Blanche",
      "Sandy",
      "Rosie",
      "Joanna",
      "Iris",
      "Eunice",
      "Angie",
      "Lynda",
      "Madeline",
      "Amelia",
      "Monique",
      "Maggie",
      "Kayla",
      "Sonya",
      "Jan",
      "Lee",
      "Kristine",
      "Candace",
      "Alison",
      "Yvette",
      "Melody",
      "Olivia",
      "Kristy",
      "Antoinette",
      "Candice",
      "Bridget",
      "Karla",
      "Celia",
      "Gayle",
      "Vicky",
      "Lynne",
      "Sheri",
      "Marianne",
      "Kara",
      "Jacquelyn",
      "Erma",
      "Leticia",
      "Krista",
      "Roxanne",
      "Robyn",
      "Rosalie",
      "Alexandra",
      "Brooke",
      "Bethany",
      "Bernadette",
      "Traci",
      "Nichole",
      "Krystal",
      "Angelina",
      "Nadine",
      "Estelle",
      "Dianna",
      "Rosemarie",
      "Desiree",
      "Lynette",
      "Cristina",
      "Leigh",
      "Meghan",
      "Eloise",
      "Rochelle",
      "Jana",
      "Gwen",
      "Kerry",
      "Jenna",
      "Tricia",
      "Laverne",
      "Alexis",
      "Tasha",
      "Kellie",
      "Sonja",
      "Mandy",
      "Lorene",
      "Elsa",
      "Camille",
      "Tami",
      "Elisa",
      "Kristie",
      "James",
      "John",
      "Robert",
      "Michael",
      "William",
      "David",
      "Richard",
      "Thomas",
      "Charles",
      "Christopher",
      "Daniel",
      "Dante",
      "Paul",
      "Mark",
      "George",
      "Kenneth",
      "Steven",
      "Edward",
      "Brian",
      "Ronald",
      "Anthony",
      "Albert",
      "Alfred",
      "Kevin",
      "Jason",
      "Matthew",
      "Gary",
      "Timothy",
      "Frank",
      "Eric",
      "Stephen",
      "Andrew",
      "Raymond",
      "Greg",
      "Joshua",
      "Jerry",
      "Dennis",
      "Peter",
      "Henry",
      "Carl",
      "Arthur",
      "Ryan",
      "Roger",
      "Joe",
      "Juan",
      "Jonathan",
      "Justin",
      "Terry",
      "Gerald",
      "Keith",
      "Samuel",
      "Willie",
      "Ralph",
      "Roy",
      "Brandon",
      "Adam",
      "Harry",
      "Wayne",
      "Billy",
      "Steve",
      "Louis",
      "Jeremy",
      "Howard",
      "Eugene",
      "Carlos",
      "Russell",
      "Bobby",
      "Victor",
      "Martin",
      "Ernest",
      "Phillip",
      "Craig",
      "Alan",
      "Shawn",
      "Sean",
      "Philip",
      "Chris",
      "Johnny",
      "Earl",
      "Jimmy",
      "Bryan",
      "Tony",
      "Luis",
      "Mike",
      "Stanley",
      "Leonard",
      "Nathan",
      "Dale",
      "Manuel",
      "Rodney",
      "Curtis",
      "Norman",
      "Allen",
      "Marvin",
      "Vincent",
      "Glenn",
      "Travis",
      "Jacob",
      "Kyle",
      "Francis",
      "Bradley",
      "Joel",
      "Edwin",
      "Eddie",
      "Barry",
      "Alexander",
      "Bernard",
      "Marcus",
      "Micheal",
      "Theodore",
      "Clifford",
      "Miguel",
      "Oscar",
      "Jay",
      "Jim",
      "Tom",
      "Calvin",
      "Alex",
      "Jon",
      "Ronnie",
      "Bill",
      "Lloyd",
      "Tommy",
      "Leon",
      "Derek",
      "Warren",
      "Darrell",
      "Jerome",
      "Leo",
      "Tim",
      "Wesley",
      "Gordon",
      "Dean",
      "Greg",
      "Jorge",
      "Dustin",
      "Derrick",
      "Dan",
      "Herman",
      "Glen",
      "Shane",
      "Rick",
      "Brent",
      "Tyler",
      "Marc",
      "Ruben",
      "Brett",
      "Nathaniel",
      "Rafael",
      "Leslie",
      "Edgar",
      "Raul",
      "Ben",
      "Chester",
      "Cecil",
      "Duane",
      "Franklin",
      "Andre",
      "Elmer",
      "Brad",
      "Gabriel",
      "Ron",
      "Mitchell",
      "Roland",
      "Arnold",
      "Harvey",
      "Jared",
      "Adrian",
      "Karl",
      "Cory",
      "Claude",
      "Erik",
      "Darryl",
      "Jamie",
      "Neil",
      "Jessie",
      "Christian",
      "Ted",
      "Mathew",
      "Tyrone",
      "Darren",
      "Kurt",
      "Allan",
      "Guy",
      "Max",
      "Dwayne",
      "Ian",
      "Ken",
      "Bob",
      "Dave",
      "Ivan",
      "Johnnie",
      "Sid",
      "Sidney",
      "Byron",
      "Julian",
      "Morris",
      "Clifton",
      "Willard",
      "Daryl",
      "Ross",
      "Andy",
      "Kirk",
      "Terrence",
      "Fred",
      "Freddie",
      "Wade",
      "Stuart",
      "Joey",
      "Nick",
      "Julius",
      "Trevor",
      "Luke",
      "Gerard",
      "Hubert",
      "Shaun",
      "Matt",
      "Cameron",
      "Neal",
      "Wilbur",
      "Grant",
      "Jean",
      "Johnathan",
      "Rudolph",
      "Rudy",
      "Marco",
      "Garry",
      "Bennie",
      "Ed",
      "Colin",
      "Earnest",
      "Lucas",
      "Benny",
      "Noel",
      "Garrett",
      "Gregg",
      "Devin",
      "Kim",
      "Simon",
      "Rufus",
      "Clint",
      "Josh",
      "Hugo",
      "Erick",
      "Frankie",
      "Stewart",
      "Terence",
      "Conrad",
      "Percy",
      "Tommie",
      "Jan"
    ],
    "last_name": [
      "Dlamini",
      "Zulu",
      "Mabunda",
      "Makhanya",
      "Khoza",
      "Zuma",
      "Zondi",
      "Abbott",
      "Adams",
      "Anderson",
      "Adcock",
      "Ashley",
      "Amla",
      "Baloyi",
      "Bailey",
      "Barrows",
      "Barton",
      "Berge",
      "Bernhard",
      "Bernier",
      "Boyle",
      "Braun",
      "Blanckenberg",
      "Brekke",
      "Brown",
      "Bruen",
      "Bacher",
      "Boucher",
      "Bromfield",
      "Benjamin",
      "Bongo",
      "Bhana",
      "Bhengu",
      "Carter",
      "Cameron",
      "Champlin",
      "Collins",
      "Cullinan",
      "Chetty",
      "Cook",
      "Connelly",
      "Crooks",
      "Cummings",
      "Cassim",
      "Dube",
      "Dhlamini",
      "Daniel",
      "Davis",
      "Dower",
      "Dixon",
      "Dickinson",
      "Douglas",
      "Deane",
      "Ebert",
      "Elworthy",
      "Feest",
      "Fuller",
      "Fish",
      "Fisher",
      "Fichardt",
      "Govender",
      "Gupta",
      "Gandhi",
      "Gibson",
      "Gibbs",
      "Gleason",
      "Goonam",
      "Gordhan",
      "Goodwin",
      "Grady",
      "Graham",
      "Grant",
      "Green",
      "Greenholt",
      "Grimes",
      "Hlongwane",
      "Harris",
      "Hall",
      "Horne",
      "Harvey",
      "Hearne",
      "Heller",
      "Herzog",
      "Hudson",
      "Hlatshwayo",
      "Hitchinson",
      "Hathorn",
      "Hayworth",
      "Henderson",
      "Jacobs",
      "Jacobson",
      "Johnson",
      "Johnston",
      "Jones",
      "Joseph",
      "Kalyan",
      "Kathrada",
      "King",
      "Klusener",
      "Klein",
      "Keith",
      "Kennedy",
      "Kuhn",
      "Khumalu",
      "Khoza",
      "Kunene",
      "Kempis",
      "Kemp",
      "Kubheka",
      "Khuzwayo",
      "Linsey",
      "Lowe",
      "Letsoalo",
      "Mhlanga",
      "Mabaso",
      "Mazibuko",
      "Moosa",
      "Mhlongo",
      "Mahlangu",
      "Markham",
      "Mansell",
      "Marvin",
      "Mayer",
      "Mbatha",
      "Maseko",
      "Milton",
      "Mkhize",
      "Moses",
      "McKenzie",
      "McMillan",
      "McLaren",
      "McLean",
      "Miller",
      "Mills",
      "Mitchell",
      "Mchunu",
      "Munsamy",
      "Mnisi",
      "Moen",
      "Motaung",
      "Mudau",
      "Mohr",
      "Monahan",
      "Moore",
      "Moosa",
      "Moonsamy",
      "Mphahlele",
      "Morar",
      "Molefe",
      "Mthembu",
      "Muller",
      "Murray",
      "Moloi",
      "Mofokeng",
      "Modise",
      "Mtshali",
      "Mathebula",
      "Mthethwa",
      "Maluleke",
      "Mokwena",
      "Motloung",
      "Mahabeer",
      "Mngomezulu",
      "Nolan",
      "Nair",
      "Ndlovu",
      "Nkosi",
      "Ngcobo",
      "Ngwenya",
      "Ntuli",
      "Nxumalo",
      "Ngubane",
      "Nhlapo",
      "Ndaba",
      "Nkomo",
      "Oliphant",
      "Ochse",
      "O'Linn",
      "Patel",
      "Parker",
      "Parkin",
      "Pillay",
      "Parnell",
      "Peterson",
      "Procter",
      "Poore",
      "Pollock",
      "Powell",
      "Price",
      "Prince",
      "Pithey",
      "Reilly",
      "Reid",
      "Rowe",
      "Roberts",
      "Richards",
      "Richardson",
      "Schmidt",
      "Schultz",
      "Stewart",
      "Symcox",
      "Smith",
      "Stokes",
      "Sinclair",
      "Singh",
      "Shongwe",
      "Sibiya",
      "Schwarz",
      "Snooke",
      "Sithole",
      "Terry",
      "Thompson",
      "Tromp",
      "Tuckett",
      "Taylor",
      "Tsabalala",
      "Wesley",
      "Walsh",
      "Weber",
      "Weimann",
      "Willoughby",
      "White",
      "Welch",
      "West",
      "Williamson",
      "Ziemann",
      "Albertyn",
      "Bosman",
      "Bester",
      "Truter",
      "Tsotetsi",
      "Prinsloo",
      "van Niekerk",
      "Zimmerman",
      "Venter",
      "van den Berg",
      "Xaba",
      "Zulu",
      "Zungu",
      "Zuma",
      "Zwane"
    ]
  },
  "phone_number": {
    "area_code": [
      "10",
      "11",
      "12",
      "13",
      "14",
      "15",
      "16",
      "17",
      "18",
      "21",
      "22",
      "23",
      "24",
      "27",
      "28",
      "31",
      "32",
      "33",
      "34",
      "35",
      "36",
      "39",
      "40",
      "41",
      "42",
      "43",
      "44",
      "45",
      "46",
      "47",
      "48",
      "49",
      "51",
      "53",
      "54",
      "56",
      "57",
      "58"
    ],
    "exchange_code": [
      "201",
      "202",
      "203",
      "205",
      "206",
      "207",
      "208",
      "209",
      "210",
      "212",
      "213",
      "214",
      "215",
      "216",
      "217",
      "218",
      "219",
      "224",
      "225",
      "227",
      "228",
      "229",
      "231",
      "234",
      "239",
      "240",
      "248",
      "251",
      "252",
      "253",
      "254",
      "256",
      "260",
      "262",
      "267",
      "269",
      "270",
      "276",
      "281",
      "283",
      "301",
      "302",
      "303",
      "304",
      "305",
      "307",
      "308",
      "309",
      "310",
      "312",
      "313",
      "314",
      "315",
      "316",
      "317",
      "318",
      "319",
      "320",
      "321",
      "323",
      "330",
      "331",
      "334",
      "336",
      "337",
      "339",
      "347",
      "351",
      "352",
      "360",
      "361",
      "386",
      "401",
      "402",
      "404",
      "405",
      "406",
      "407",
      "408",
      "409",
      "410",
      "412",
      "413",
      "414",
      "415",
      "417",
      "419",
      "423",
      "424",
      "425",
      "434",
      "435",
      "440",
      "443",
      "445",
      "464",
      "469",
      "470",
      "475",
      "478",
      "479",
      "480",
      "484",
      "501",
      "502",
      "503",
      "504",
      "505",
      "507",
      "508",
      "509",
      "510",
      "512",
      "513",
      "515",
      "516",
      "517",
      "518",
      "520",
      "530",
      "540",
      "541",
      "551",
      "557",
      "559",
      "561",
      "562",
      "563",
      "564",
      "567",
      "570",
      "571",
      "573",
      "574",
      "580",
      "585",
      "586",
      "601",
      "602",
      "603",
      "605",
      "606",
      "607",
      "608",
      "609",
      "610",
      "612",
      "614",
      "615",
      "616",
      "617",
      "618",
      "619",
      "620",
      "623",
      "626",
      "630",
      "631",
      "636",
      "641",
      "646",
      "650",
      "651",
      "660",
      "661",
      "662",
      "667",
      "678",
      "682",
      "701",
      "702",
      "703",
      "704",
      "706",
      "707",
      "708",
      "712",
      "713",
      "714",
      "715",
      "716",
      "717",
      "718",
      "719",
      "720",
      "724",
      "727",
      "731",
      "732",
      "734",
      "737",
      "740",
      "754",
      "757",
      "760",
      "763",
      "765",
      "770",
      "772",
      "773",
      "774",
      "775",
      "781",
      "785",
      "786",
      "801",
      "802",
      "803",
      "804",
      "805",
      "806",
      "808",
      "810",
      "812",
      "813",
      "814",
      "815",
      "816",
      "817",
      "818",
      "828",
      "830",
      "831",
      "832",
      "835",
      "843",
      "845",
      "847",
      "848",
      "850",
      "856",
      "857",
      "858",
      "859",
      "860",
      "862",
      "863",
      "864",
      "865",
      "870",
      "872",
      "878",
      "901",
      "903",
      "904",
      "906",
      "907",
      "908",
      "909",
      "910",
      "912",
      "913",
      "914",
      "915",
      "916",
      "917",
      "918",
      "919",
      "920",
      "925",
      "928",
      "931",
      "936",
      "937",
      "940",
      "941",
      "947",
      "949",
      "952",
      "954",
      "956",
      "959",
      "970",
      "971",
      "972",
      "973",
      "975",
      "978",
      "979",
      "980",
      "984",
      "985",
      "989"
    ],
    "formats": [
      "(0##) ### ####",
      "0## ### ####",
      "+27 ## ### ####",
      "01# ### #####",
      "02# ### #####",
      "03# ### #####",
      "04# ### #####",
      "05# ### #####",
      "0800 ### ###",
      "0860 ### ###",
      "01#########",
      "01# ########"
    ]
  },
  "cell_phone": {
    "formats": [
      "+2760 ### ####",
      "+2761 ### ####",
      "+2763 ### ####",
      "+2772 ### ####",
      "+2773 ### ####",
      "+2774 ### ####",
      "+2776 ### ####",
      "+2779 ### ####",
      "+2781 ### ####",
      "+2782 ### ####",
      "+2783 ### ####",
      "+2784 ### ####",
      "082 ### ####",
      "084 ### ####",
      "083 ### ####",
      "065 ### ####",
      "082#######",
      "082 #######"
    ]
  },
  "company": {
    "suffix": [
      "Pty Ltd",
      "Ltd",
      "CC"
    ]
  }
}