{
  "title": "Nepalese",
  "name": {
    "first_name": [
      "Aarav",
      "Ajita",
      "Amit",
      "Amita",
      "Amrit",
      "Arijit",
      "Ashmi",
      "Asmita",
      "Bibek",
      "Bijay",
      "Bikash",
      "Bina",
      "Bishal",
      "Bishnu",
      "Buddha",
      "Deepika",
      "Dipendra",
      "Gagan",
      "Ganesh",
      "Khem",
      "Krishna",
      "Laxmi",
      "Manisha",
      "Nabin",
      "Nikita",
      "Niraj",
      "Nischal",
      "Padam",
      "Pooja",
      "Prabin",
      "Prakash",
      "Prashant",
      "Prem",
      "Purna",
      "Rajendra",
      "Rajina",
      "Raju",
      "Rakesh",
      "Ranjan",
      "Ratna",
      "Sagar",
      "Sandeep",
      "Sanjay",
      "Santosh",
      "Sarita",
      "Shilpa",
      "Shirisha",
      "Shristi",
      "Siddhartha",
      "Subash",
      "Sumeet",
      "Sunita",
      "Suraj",
      "Susan",
      "Sushant"
    ],
    "last_name": [
      "Adhikari",
      "Aryal",
      "Baral",
      "Basnet",
      "Bastola",
      "Basynat",
      "Bhandari",
      "Bhattarai",
      "Chettri",
      "Devkota",
      "Dhakal",
      "Dongol",
      "Ghale",
      "Gurung",
      "Gyawali",
      "Hamal",
      "Jung",
      "KC",
      "Kafle",
      "Karki",
      "Khadka",
      "Koirala",
      "Lama",
      "Limbu",
      "Magar",
      "Maharjan",
      "Niroula",
      "Pandey",
      "Pradhan",
      "Rana",
      "Raut",
      "Sai",
      "Shai",
      "Shakya",
      "Sherpa",
      "Shrestha",
      "Subedi",
      "Tamang",
      "Thapa"
    ]
  },
  "address": {
    "postcode": [
      "0"
    ],
    "state": [
      "Baglung",
      "Banke",
      "Bara",
      "Bardiya",
      "Bhaktapur",
      "Bhojupu",
      "Chitwan",
      "Dailekh",
      "Dang",
      "Dhading",
      "Dhankuta",
      "Dhanusa",
      "Dolakha",
      "Dolpha",
      "Gorkha",
      "Gulmi",
      "Humla",
      "Ilam",
      "Jajarkot",
      "Jhapa",
      "Jumla",
      "Kabhrepalanchok",
      "Kalikot",
      "Kapilvastu",
      "Kaski",
      "Kathmandu",
      "Lalitpur",
      "Lamjung",
      "Manang",
      "Mohottari",
      "Morang",
      "Mugu",
      "Mustang",
      "Myagdi",
      "Nawalparasi",
      "Nuwakot",
      "Palpa",
      "Parbat",
      "Parsa",
      "Ramechhap",
      "Rauswa",
      "Rautahat",
      "Rolpa",
      "Rupandehi",
      "Sankhuwasabha",
      "Sarlahi",
      "Sindhuli",
      "Sindhupalchok",
      "Sunsari",
      "Surket",
      "Syangja",
      "Tanahu",
      "Terhathum"
    ],
    "city": [
      "Bhaktapur",
      "Biratnagar",
      "Birendranagar",
      "Birgunj",
      "Butwal",
      "Damak",
      "Dharan",
      "Gaur",
      "Gorkha",
      "Hetauda",
      "Itahari",
      "Janakpur",
      "Kathmandu",
      "Lahan",
      "Nepalgunj",
      "Pokhara"
    ],
    "default_country": [
      "Nepal"
    ]
  },
  "internet": {
    "free_email": [
      "worldlink.com.np",
      "gmail.com",
      "yahoo.com",
      "hotmail.com"
    ],
    "domain_suffix": [
      "np",
      "com",
      "info",
      "net",
      "org"
    ]
  },
  "company": {
    "suffix": [
      "Pvt Ltd",
      "Group",
      "Ltd",
      "Limited"
    ]
  },
  "phone_number": {
    "formats": [
      "##-#######",
      "+977-#-#######",
      "+977########"
    ]
  }
}