{
  "title": "Russian",
  "separator": " и ",
  "address": {
    "country": [
      "Австралия",
      "Австрия",
      "Азербайджан",
      "Албания",
      "Алжир",
      "Американское Самоа (не признана)",
      "Ангилья",
      "Ангола",
      "Андорра",
      "Антарктика (не признана)",
      "Антигуа и Барбуда",
      "Антильские Острова (не признана)",
      "Аомынь (не признана)",
      "Аргентина",
      "Армения",
      "Афганистан",
      "Багамские Острова",
      "Бангладеш",
      "Барбадос",
      "Бахрейн",
      "Беларусь",
      "Белиз",
      "Бельгия",
      "Бенин",
      "Болгария",
      "Боливия",
      "Босния и Герцеговина",
      "Ботсвана",
      "Бразилия",
      "Бруней",
      "Буркина-Фасо",
      "Бурунди",
      "Бутан",
      "Вануату",
      "Ватикан",
      "Великобритания",
      "Венгрия",
      "Венесуэла",
      "Восточный Тимор",
      "Вьетнам",
      "Габон",
      "Гаити",
      "Гайана",
      "Гамбия",
      "Гана",
      "Гваделупа (не признана)",
      "Гватемала",
      "Гвиана (не признана)",
      "Гвинея",
      "Гвинея-Бисау",
      "Германия",
      "Гондурас",
      "Гренада",
      "Греция",
      "Грузия",
      "Дания",
      "Джибути",
      "Доминика",
      "Доминиканская Республика",
      "Египет",
      "Замбия",
      "Зимбабве",
      "Израиль",
      "Индия",
      "Индонезия",
      "Иордания",
      "Ирак",
      "Иран",
      "Ирландия",
      "Исландия",
      "Испания",
      "Италия",
      "Йемен",
      "Кабо-Верде",
      "Казахстан",
      "Камбоджа",
      "Камерун",
      "Канада",
      "Катар",
      "Кения",
      "Кипр",
      "Кирибати",
      "Китай",
      "Колумбия",
      "Коморские Острова",
      "Конго",
      "Демократическая Республика",
      "Корея (Северная)",
      "Корея (Южная)",
      "Косово",
      "Коста-Рика",
      "Кот-д'Ивуар",
      "Куба",
      "Кувейт",
      "Кука острова",
      "Кыргызстан",
      "Лаос",
      "Латвия",
      "Лесото",
      "Либерия",
      "Ливан",
      "Ливия",
      "Литва",
      "Лихтенштейн",
      "Люксембург",
      "Маврикий",
      "Мавритания",
      "Мадагаскар",
      "Македония",
      "Малави",
      "Малайзия",
      "Мали",
      "Мальдивы",
      "Мальта",
      "Маршалловы Острова",
      "Мексика",
      "Микронезия",
      "Мозамбик",
      "Молдова",
      "Монако",
      "Монголия",
      "Марокко",
      "Мьянма",
      "Намибия",
      "Науру",
      "Непал",
      "Нигер",
      "Нигерия",
      "Нидерланды",
      "Никарагуа",
      "Новая Зеландия",
      "Норвегия",
      "Объединенные Арабские Эмираты",
      "Оман",
      "Пакистан",
      "Палау",
      "Панама",
      "Папуа — Новая Гвинея",
      "Парагвай",
      "Перу",
      "Польша",
      "Португалия",
      "Республика Конго",
      "Россия",
      "Руанда",
      "Румыния",
      "Сальвадор",
      "Самоа",
      "Сан-Марино",
      "Сан-Томе и Принсипи",
      "Саудовская Аравия",
      "Свазиленд",
      "Сейшельские острова",
      "Сенегал",
      "Сент-Винсент и Гренадины",
      "Сент-Киттс и Невис",
      "Сент-Люсия",
      "Сербия",
      "Сингапур",
      "Сирия",
      "Словакия",
      "Словения",
      "Соединенные Штаты Америки",
      "Соломоновы Острова",
      "Сомали",
      "Судан",
      "Суринам",
      "Сьерра-Леоне",
      "Таджикистан",
      "Таиланд",
      "Тайвань (не признана)",
      "Тамил-Илам (не признана)",
      "Танзания",
      "Тёркс и Кайкос (не признана)",
      "Того",
      "Токелау (не признана)",
      "Тонга",
      "Тринидад и Тобаго",
      "Тувалу",
      "Тунис",
      "Турецкая Республика Северного Кипра (не признана)",
      "Туркменистан",
      "Турция",
      "Уганда",
      "Узбекистан",
      "Украина",
      "Уругвай",
      "Фарерские Острова (не признана)",
      "Фиджи",
      "Филиппины",
      "Финляндия",
      "Франция",
      "Французская Полинезия (не признана)",
      "Хорватия",
      "Центральноафриканская Республика",
      "Чад",
      "Черногория",
      "Чехия",
      "Чили",
      "Швейцария",
      "Швеция",
      "Шри-Ланка",
      "Эквадор",
      "Экваториальная Гвинея",
      "Эритрея",
      "Эстония",
      "Эфиопия",
      "Южно-Африканская Республика",
      "Ямайка",
      "Япония"
    ],
    "building_number": [
      "###"
    ],
    "street_suffix": [
      "ул.",
      "улица",
      "проспект",
      "пр.",
      "площадь",
      "пл."
    ],
    "secondary_address": [
      "кв. ###"
    ],
    "postcode": [
      "######"
    ],
    "state": [
      "Республика Адыгея",
      "Республика Башкортостан",
      "Республика Бурятия",
      "Республика Алтай Республика Дагестан",
      "Республика Ингушетия",
      "Кабардино-Балкарская Республика",
      "Республика Калмыкия",
      "Республика Карачаево-Черкессия",
      "Республика Карелия",
      "Республика Коми",
      "Республика Марий Эл",
      "Республика Мордовия",
      "Республика Саха (Якутия)",
      "Республика Северная Осетия-Алания",
      "Республика Татарстан",
      "Республика Тыва",
      "Удмуртская Республика",
      "Республика Хакасия",
      "Чувашская Республика",
      "Алтайский край",
      "Краснодарский край",
      "Красноярский край",
      "Приморский край",
      "Ставропольский край",
      "Хабаровский край",
      "Амурская область",
      "Архангельская область",
      "Астраханская область",
      "Белгородская область",
      "Брянская область",
      "Владимирская область",
      "Волгоградская область",
      "Вологодская область",
      "Воронежская область",
      "Ивановская область",
      "Иркутская область",
      "Калиниградская область",
      "Калужская область",
      "Камчатская область",
      "Кемеровская область",
      "Кировская область",
      "Костромская область",
      "Курганская область",
      "Курская область",
      "Ленинградская область",
      "Липецкая область",
      "Магаданская область",
      "Московская область",
      "Мурманская область",
      "Нижегородская область",
      "Новгородская область",
      "Новосибирская область",
      "Омская область",
      "Оренбургская область",
      "Орловская область",
      "Пензенская область",
      "Пермская область",
      "Псковская область",
      "Ростовская область",
      "Рязанская область",
      "Самарская область",
      "Саратовская область",
      "Сахалинская область",
      "Свердловская область",
      "Смоленская область",
      "Тамбовская область",
      "Тверская область",
      "Томская область",
      "Тульская область",
      "Тюменская область",
      "Ульяновская область",
      "Челябинская область",
      "Читинская область",
      "Ярославская область",
      "Еврейская автономная область",
      "Агинский Бурятский авт. округ",
      "Коми-Пермяцкий автономный округ",
      "Корякский автономный округ",
      "Ненецкий автономный округ",
      "Таймырский (Долгано-Ненецкий) автономный округ",
      "Усть-Ордынский Бурятский автономный округ",
      "Ханты-Мансийский автономный округ",
      "Чукотский автономный округ",
      "Эвенкийский автономный округ",
      "Ямало-Ненецкий автономный округ",
      "Чеченская Республика"
    ],
    "street_title": [
      "Советская",
      "Молодежная",
      "Центральная",
      "Школьная",
      "Новая",
      "Садовая",
      "Лесная",
      "Набережная",
      "Ленина",
      "Мира",
      "Октябрьская",
      "Зеленая",
      "Комсомольская",
      "Заречная",
      "Первомайская",
      "Гагарина",
      "Полевая",
      "Луговая",
      "Пионерская",
      "Кирова",
      "Юбилейная",
      "Северная",
      "Пролетарская",
      "Степная",
      "Пушкина",
      "Калинина",
      "Южная",
      "Колхозная",
      "Рабочая",
      "Солнечная",
      "Железнодорожная",
      "Восточная",
      "Заводская",
      "Чапаева",
      "Нагорная",
      "Строителей",
      "Береговая",
      "Победы",
      "Горького",
      "Кооперативная",
      "Красноармейская",
      "Совхозная",
      "Речная",
      "Школьный",
      "Спортивная",
      "Озерная",
      "Строительная",
      "Парковая",
      "Чкалова",
      "Мичурина",
      "речень улиц",
      "Подгорная",
      "Дружбы",
      "Почтовая",
      "Партизанская",
      "Вокзальная",
      "Лермонтова",
      "Свободы",
      "Дорожная",
      "Дачная",
      "Маяковского",
      "Западная",
      "Фрунзе",
      "Дзержинского",
      "Московская",
      "Свердлова",
      "Некрасова",
      "Гоголя",
      "Красная",
      "Трудовая",
      "Шоссейная",
      "Чехова",
      "Коммунистическая",
      "Труда",
      "Комарова",
      "Матросова",
      "Островского",
      "Сосновая",
      "Клубная",
      "Куйбышева",
      "Крупской",
      "Березовая",
      "Карла Маркса",
      "8 Марта",
      "Больничная",
      "Садовый",
      "Интернациональная",
      "Суворова",
      "Цветочная",
      "Трактовая",
      "Ломоносова",
      "Горная",
      "Космонавтов",
      "Энергетиков",
      "Шевченко",
      "Весенняя",
      "Механизаторов",
      "Коммунальная",
      "Лесной",
      "40 лет Победы",
      "Майская"
    ],
    "city_name": [
      "Москва",
      "Владимир",
      "Санкт-Петербург",
      "Новосибирск",
      "Екатеринбург",
      "Нижний Новгород",
      "Самара",
      "Казань",
      "Омск",
      "Челябинск",
      "Ростов-на-Дону",
      "Уфа",
      "Волгоград",
      "Пермь",
      "Красноярск",
      "Воронеж",
      "Саратов",
      "Краснодар",
      "Тольятти",
      "Ижевск",
      "Барнаул",
      "Ульяновск",
      "Тюмень",
      "Иркутск",
      "Владивосток",
      "Ярославль",
      "Хабаровск",
      "Махачкала",
      "Оренбург",
      "Новокузнецк",
      "Томск",
      "Кемерово",
      "Рязань",
      "Астрахань",
      "Пенза",
      "Липецк",
      "Тула",
      "Киров",
      "Чебоксары",
      "Курск",
      "Брянскm Магнитогорск",
      "Иваново",
      "Тверь",
      "Ставрополь",
      "Белгород",
      "Сочи"
    ],
    "city": [
      "#{Address.city_name}"
    ],
    "street_name": [
      "#{street_suffix} #{Address.street_title}",
      "#{Address.street_title} #{street_suffix}"
    ],
    "street_address": [
      "#{street_name}, #{building_number}"
    ],
    "default_country": [
      "Россия"
    ]
  },
  "internet": {
    "free_email": [
      "yandex.ru",
      "ya.ru",
      "mail.ru",
      "gmail.com",
      "yahoo.com",
      "hotmail.com"
    ],
    "domain_suffix": [
      "com",
      "ru",
      "info",
      "рф",
      "net",
      "org"
    ]
  },
  "name": {
    "male_first_name": [
      "Александр",
      "Алексей",
      "Альберт",
      "Анатолий",
      "Андрей",
      "Антон",
      "Аркадий",
      "Арсений",
      "Артём",
      "Борис",
      "Вадим",
      "Валентин",
      "Валерий",
      "Василий",
      "Виктор",
      "Виталий",
      "Владимир",
      "Владислав",
      "Вячеслав",
      "Геннадий",
      "Георгий",
      "Герман",
      "Григорий",
      "Даниил",
      "Денис",
      "Дмитрий",
      "Евгений",
      "Егор",
      "Иван",
      "Игнатий",
      "Игорь",
      "Илья",
      "Константин",
      "Лаврентий",
      "Леонид",
      "Лука",
      "Макар",
      "Максим",
      "Матвей",
      "Михаил",
      "Никита",
      "Николай",
      "Олег",
      "Роман",
      "Семён",
      "Сергей",
      "Станислав",
      "Степан",
      "Фёдор",
      "Эдуард",
      "Юрий",
      "Ярослав"
    ],
    "male_middle_name": [
      "Александрович",
      "Алексеевич",
      "Альбертович",
      "Анатольевич",
      "Андреевич",
      "Антонович",
      "Аркадьевич",
      "Арсеньевич",
      "Артёмович",
      "Борисович",
      "Вадимович",
      "Валентинович",
      "Валерьевич",
      "Васильевич",
      "Викторович",
      "Витальевич",
      "Владимирович",
      "Владиславович",
      "Вячеславович",
      "Геннадьевич",
      "Георгиевич",
      "Германович",
      "Григорьевич",
      "Даниилович",
      "Денисович",
      "Дмитриевич",
      "Евгеньевич",
      "Егорович",
      "Иванович",
      "Игнатьевич",
      "Игоревич",
      "Ильич",
      "Константинович",
      "Лаврентьевич",
      "Леонидович",
      "Лукич",
      "Макарович",
      "Максимович",
      "Матвеевич",
      "Михайлович",
      "Никитич",
      "Николаевич",
      "Олегович",
      "Романович",
      "Семёнович",
      "Сергеевич",
      "Станиславович",
      "Степанович",
      "Фёдорович",
      "Эдуардович",
      "Юрьевич",
      "Ярославович"
    ],
    "male_last_name": [
      "Смирнов",
      "Иванов",
      "Кузнецов",
      "Попов",
      "Соколов",
      "Лебедев",
      "Козлов",
      "Новиков",
      "Морозов",
      "Петров",
      "Волков",
      "Соловьев",
      "Васильев",
      "Зайцев",
      "Павлов",
      "Семенов",
      "Голубев",
      "Виноградов",
      "Богданов",
      "Воробьев",
      "Федоров",
      "Михайлов",
      "Беляев",
      "Тарасов",
      "Белов",
      "Комаров",
      "Орлов",
      "Киселев",
      "Макаров",
      "Андреев",
      "Ковалев",
      "Ильин",
      "Гусев",
      "Титов",
      "Кузьмин",
      "Кудрявцев",
      "Баранов",
      "Куликов",
      "Алексеев",
      "Степанов",
      "Яковлев",
      "Сорокин",
      "Сергеев",
      "Романов",
      "Захаров",
      "Борисов",
      "Королев",
      "Герасимов",
      "Пономарев",
      "Григорьев",
      "Лазарев",
      "Медведев",
      "Ершов",
      "Никитин",
      "Соболев",
      "Рябов",
      "Поляков",
      "Цветков",
      "Данилов",
      "Жуков",
      "Фролов",
      "Журавлев",
      "Николаев",
      "Крылов",
      "Максимов",
      "Сидоров",
      "Осипов",
      "Белоусов",
      "Федотов",
      "Дорофеев",
      "Егоров",
      "Матвеев",
      "Бобров",
      "Дмитриев",
      "Калинин",
      "Анисимов",
      "Петухов",
      "Антонов",
      "Тимофеев",
      "Никифоров",
      "Веселов",
      "Филиппов",
      "Марков",
      "Большаков",
      "Суханов",
      "Миронов",
      "Ширяев",
      "Александров",
      "Коновалов",
      "Шестаков",
      "Казаков",
      "Ефимов",
      "Денисов",
      "Громов",
      "Фомин",
      "Давыдов",
      "Мельников",
      "Щербаков",
      "Блинов",
      "Колесников",
      "Карпов",
      "Афанасьев",
      "Власов",
      "Маслов",
      "Исаков",
      "Тихонов",
      "Аксенов",
      "Гаврилов",
      "Родионов",
      "Котов",
      "Горбунов",
      "Кудряшов",
      "Быков",
      "Зуев",
      "Третьяков",
      "Савельев",
      "Панов",
      "Рыбаков",
      "Суворов",
      "Абрамов",
      "Воронов",
      "Мухин",
      "Архипов",
      "Трофимов",
      "Мартынов",
      "Емельянов",
      "Горшков",
      "Чернов",
      "Овчинников",
      "Селезнев",
      "Панфилов",
      "Копылов",
      "Михеев",
      "Галкин",
      "Назаров",
      "Лобанов",
      "Лукин",
      "Беляков",
      "Потапов",
      "Некрасов",
      "Хохлов",
      "Жданов",
      "Наумов",
      "Шилов",
      "Воронцов",
      "Ермаков",
      "Дроздов",
      "Игнатьев",
      "Савин",
      "Логинов",
      "Сафонов",
      "Капустин",
      "Кириллов",
      "Моисеев",
      "Елисеев",
      "Кошелев",
      "Костин",
      "Горбачев",
      "Орехов",
      "Ефремов",
      "Исаев",
      "Евдокимов",
      "Калашников",
      "Кабанов",
      "Носков",
      "Юдин",
      "Кулагин",
      "Лапин",
      "Прохоров",
      "Нестеров",
      "Харитонов",
      "Агафонов",
      "Муравьев",
      "Ларионов",
      "Федосеев",
      "Зимин",
      "Пахомов",
      "Шубин",
      "Игнатов",
      "Филатов",
      "Крюков",
      "Рогов",
      "Кулаков",
      "Терентьев",
      "Молчанов",
      "Владимиров",
      "Артемьев",
      "Гурьев",
      "Зиновьев",
      "Гришин",
      "Кононов",
      "Дементьев",
      "Ситников",
      "Симонов",
      "Мишин",
      "Фадеев",
      "Комиссаров",
      "Мамонтов",
      "Носов",
      "Гуляев",
      "Шаров",
      "Устинов",
      "Вишняков",
      "Евсеев",
      "Лаврентьев",
      "Брагин",
      "Константинов",
      "Корнилов",
      "Авдеев",
      "Зыков",
      "Бирюков",
      "Шарапов",
      "Никонов",
      "Щукин",
      "Дьячков",
      "Одинцов",
      "Сазонов",
      "Якушев",
      "Красильников",
      "Гордеев",
      "Самойлов",
      "Князев",
      "Беспалов",
      "Уваров",
      "Шашков",
      "Бобылев",
      "Доронин",
      "Белозеров",
      "Рожков",
      "Самсонов",
      "Мясников",
      "Лихачев",
      "Буров",
      "Сысоев",
      "Фомичев",
      "Русаков",
      "Стрелков",
      "Гущин",
      "Тетерин",
      "Колобов",
      "Субботин",
      "Фокин",
      "Блохин",
      "Селиверстов",
      "Пестов",
      "Кондратьев",
      "Силин",
      "Меркушев",
      "Лыткин",
      "Туров"
    ],
    "female_first_name": [
      "Анна",
      "Алёна",
      "Алевтина",
      "Александра",
      "Алина",
      "Алла",
      "Анастасия",
      "Ангелина",
      "Анжела",
      "Анжелика",
      "Антонида",
      "Антонина",
      "Анфиса",
      "Арина",
      "Валентина",
      "Валерия",
      "Варвара",
      "Василиса",
      "Вера",
      "Вероника",
      "Виктория",
      "Галина",
      "Дарья",
      "Евгения",
      "Екатерина",
      "Елена",
      "Елизавета",
      "Жанна",
      "Зинаида",
      "Зоя",
      "Ирина",
      "Кира",
      "Клавдия",
      "Ксения",
      "Лариса",
      "Лидия",
      "Любовь",
      "Людмила",
      "Маргарита",
      "Марина",
      "Мария",
      "Надежда",
      "Наталья",
      "Нина",
      "Оксана",
      "Ольга",
      "Раиса",
      "Регина",
      "Римма",
      "Светлана",
      "София",
      "Таисия",
      "Тамара",
      "Татьяна",
      "Ульяна",
      "Юлия"
    ],
    "female_middle_name": [
      "Александровна",
      "Алексеевна",
      "Альбертовна",
      "Анатольевна",
      "Андреевна",
      "Антоновна",
      "Аркадьевна",
      "Арсеньевна",
      "Артёмовна",
      "Борисовна",
      "Вадимовна",
      "Валентиновна",
      "Валерьевна",
      "Васильевна",
      "Викторовна",
      "Витальевна",
      "Владимировна",
      "Владиславовна",
      "Вячеславовна",
      "Геннадьевна",
      "Георгиевна",
      "Германовна",
      "Григорьевна",
      "Данииловна",
      "Денисовна",
      "Дмитриевна",
      "Евгеньевна",
      "Егоровна",
      "Ивановна",
      "Игнатьевна",
      "Игоревна",
      "Ильинична",
      "Константиновна",
      "Лаврентьевна",
      "Леонидовна",
      "Макаровна",
      "Максимовна",
      "Матвеевна",
      "Михайловна",
      "Никитична",
      "Николаевна",
      "Олеговна",
      "Романовна",
      "Семёновна",
      "Сергеевна",
      "Станиславовна",
      "Степановна",
      "Фёдоровна",
      "Эдуардовна",
      "Юрьевна",
      "Ярославовна"
    ],
    "female_last_name": [
      "Смирнова",
      "Иванова",
      "Кузнецова",
      "Попова",
      "Соколова",
      "Лебедева",
      "Козлова",
      "Новикова",
      "Морозова",
      "Петрова",
      "Волкова",
      "Соловьева",
      "Васильева",
      "Зайцева",
      "Павлова",
      "Семенова",
      "Голубева",
      "Виноградова",
      "Богданова",
      "Воробьева",
      "Федорова",
      "Михайлова",
      "Беляева",
      "Тарасова",
      "Белова",
      "Комарова",
      "Орлова",
      "Киселева",
      "Макарова",
      "Андреева",
      "Ковалева",
      "Ильина",
      "Гусева",
      "Титова",
      "Кузьмина",
      "Кудрявцева",
      "Баранова",
      "Куликова",
      "Алексеева",
      "Степанова",
      "Яковлева",
      "Сорокина",
      "Сергеева",
      "Романова",
      "Захарова",
      "Борисова",
      "Королева",
      "Герасимова",
      "Пономарева",
      "Григорьева",
      "Лазарева",
      "Медведева",
      "Ершова",
      "Никитина",
      "Соболева",
      "Рябова",
      "Полякова",
      "Цветкова",
      "Данилова",
      "Жукова",
      "Фролова",
      "Журавлева",
      "Николаева",
      "Крылова",
      "Максимова",
      "Сидорова",
      "Осипова",
      "Белоусова",
      "Федотова",
      "Дорофеева",
      "Егорова",
      "Матвеева",
      "Боброва",
      "Дмитриева",
      "Калинина",
      "Анисимова",
      "Петухова",
      "Антонова",
      "Тимофеева",
      "Никифорова",
      "Веселова",
      "Филиппова",
      "Маркова",
      "Большакова",
      "Суханова",
      "Миронова",
      "Ширяева",
      "Александрова",
      "Коновалова",
      "Шестакова",
      "Казакова",
      "Ефимова",
      "Денисова",
      "Громова",
      "Фомина",
      "Давыдова",
      "Мельникова",
      "Щербакова",
      "Блинова",
      "Колесникова",
      "Карпова",
      "Афанасьева",
      "Власова",
      "Маслова",
      "Исакова",
      "Тихонова",
      "Аксенова",
      "Гаврилова",
      "Родионова",
      "Котова",
      "Горбунова",
      "Кудряшова",
      "Быкова",
      "Зуева",
      "Третьякова",
      "Савельева",
      "Панова",
      "Рыбакова",
      "Суворова",
      "Абрамова",
      "Воронова",
      "Мухина",
      "Архипова",
      "Трофимова",
      "Мартынова",
      "Емельянова",
      "Горшкова",
      "Чернова",
      "Овчинникова",
      "Селезнева",
      "Панфилова",
      "Копылова",
      "Михеева",
      "Галкина",
      "Назарова",
      "Лобанова",
      "Лукина",
      "Белякова",
      "Потапова",
      "Некрасова",
      "Хохлова",
      "Жданова",
      "Наумова",
      "Шилова",
      "Воронцова",
      "Ермакова",
      "Дроздова",
      "Игнатьева",
      "Савина",
      "Логинова",
      "Сафонова",
      "Капустина",
      "Кириллова",
      "Моисеева",
      "Елисеева",
      "Кошелева",
      "Костина",
      "Горбачева",
      "Орехова",
      "Ефремова",
      "Исаева",
      "Евдокимова",
      "Калашникова",
      "Кабанова",
      "Носкова",
      "Юдина",
      "Кулагина",
      "Лапина",
      "Прохорова",
      "Нестерова",
      "Харитонова",
      "Агафонова",
      "Муравьева",
      "Ларионова",
      "Федосеева",
      "Зимина",
      "Пахомова",
      "Шубина",
      "Игнатова",
      "Филатова",
      "Крюкова",
      "Рогова",
      "Кулакова",
      "Терентьева",
      "Молчанова",
      "Владимирова",
      "Артемьева",
      "Гурьева",
      "Зиновьева",
      "Гришина",
      "Кононова",
      "Дементьева",
      "Ситникова",
      "Симонова",
      "Мишина",
      "Фадеева",
      "Комиссарова",
      "Мамонтова",
      "Носова",
      "Гуляева",
      "Шарова",
      "Устинова",
      "Вишнякова",
      "Евсеева",
      "Лаврентьева",
      "Брагина",
      "Константинова",
      "Корнилова",
      "Авдеева",
      "Зыкова",
      "Бирюкова",
      "Шарапова",
      "Никонова",
      "Щукина",
      "Дьячкова",
      "Одинцова",
      "Сазонова",
      "Якушева",
      "Красильникова",
      "Гордеева",
      "Самойлова",
      "Князева",
      "Беспалова",
      "Уварова",
      "Шашкова",
      "Бобылева",
      "Доронина",
      "Белозерова",
      "Рожкова",
      "Самсонова",
      "Мясникова",
      "Лихачева",
      "Бурова",
      "Сысоева",
      "Фомичева",
      "Русакова",
      "Стрелкова",
      "Гущина",
      "Тетерина",
      "Колобова",
      "Субботина",
      "Фокина",
      "Блохина",
      "Селиверстова",
      "Пестова",
      "Кондратьева",
      "Силина",
      "Меркушева",
      "Лыткина",
      "Турова"
    ],
    "prefix": [],
    "suffix": [],
    "name": [
      "#{male_first_name} #{male_last_name}",
      "#{male_last_name} #{male_first_name}",
      "#{male_first_name} #{male_middle_name} #{male_last_name}",
      "#{male_last_name} #{male_first_name} #{male_middle_name}",
      "#{female_first_name} #{female_last_name}",
      "#{female_last_name} #{female_first_name}",
      "#{female_first_name} #{female_middle_name} #{female_last_name}",
      "#{female_last_name} #{female_first_name} #{female_middle_name}"
    ]
  },
  "phone_number": {
    "formats": [
      "(9##)###-##-##"
    ]
  },
  "commerce": {
    "color": [
      "красный",
      "зеленый",
      "синий",
      "желтый",
      "багровый",
      "мятный",
      "зеленовато-голубой",
      "белый",
      "черный",
      "оранжевый",
      "розовый",
      "серый",
      "красно-коричневый",
      "фиолетовый",
      "бирюзовый",
      "желто-коричневый",
      "небесно голубой",
      "оранжево-розовый",
      "темно-фиолетовый",
      "орхидный",
      "оливковый",
      "пурпурный",
      "лимонный",
      "кремовый",
      "сине-фиолетовый",
      "золотой",
      "красно-пурпурный",
      "голубой",
      "лазурный",
      "лиловый",
      "серебряный"
    ],
    "department": [
      "Книги",
      "Фильмы",
      "музыка",
      "игры",
      "Электроника",
      "компьютеры",
      "Дом",
      "садинструмент",
      "Бакалея",
      "здоровье",
      "красота",
      "Игрушки",
      "детское",
      "для малышей",
      "Одежда",
      "обувь",
      "украшения",
      "Спорт",
      "туризм",
      "Автомобильное",
      "Галантерея",
      "Меха",
      "Пряжа",
      "промышленное"
    ],
    "product_name": {
      "adjective": [
        "Маленький",
        "Эргономичный",
        "Грубый",
        "Интеллектуальный",
        "Великолепный",
        "Невероятный",
        "Свободный",
        "Большой",
        "Фантастический",
        "Практичный",
        "Лоснящийся",
        "Потрясающий"
      ],
      "material": [
        "Стальной",
        "Деревянный",
        "Бетонный",
        "Пластиковый",
        "Хлопковый",
        "Гранитный",
        "Кожанный",
        "Неодимовый",
        "Меховой",
        "Натуральный",
        "Резиновый"
      ],
      "product": [
        "Стул",
        "Автомобиль",
        "Компьютер",
        "Берет",
        "Кулон",
        "Стол",
        "Свитер",
        "Ремень",
        "Ножницы",
        "Носки",
        "Майка",
        "Кепка",
        "Куртка",
        "Плащ",
        "Сабо",
        "Шарф",
        "Клатч",
        "Кошелек",
        "Портмоне",
        "Ботинок"
      ]
    }
  },
  "company": {
    "prefix": [
      "ИП",
      "ООО",
      "ЗАО",
      "ОАО",
      "ПАО",
      "НКО",
      "ТСЖ",
      "ОП"
    ],
    "suffix": [
      "Снаб",
      "Торг",
      "Пром",
      "Трейд",
      "Сбыт"
    ],
    "name": [
      "#{prefix} #{Name.female_first_name}",
      "#{prefix} #{Name.male_first_name}",
      "#{prefix} #{Name.male_last_name}",
      "#{prefix} #{suffix}#{suffix}",
      "#{prefix} #{suffix}#{suffix}#{suffix}",
      "#{prefix} #{Address.city_name}#{suffix}",
      "#{prefix} #{Address.city_name}#{suffix}#{suffix}",
      "#{prefix} #{Address.city_name}#{suffix}#{suffix}#{suffix}"
    ]
  },
  "date": {
    "month": {
      "wide": [
        "январь",
        "февраль",
        "март",
        "апрель",
        "май",
        "июнь",
        "июль",
        "август",
        "сентябрь",
        "октябрь",
        "ноябрь",
        "декабрь"
      ],
      "wide_context": [
        "января",
        "февраля",
        "марта",
        "апреля",
        "мая",
        "июня",
        "июля",
        "августа",
        "сентября",
        "октября",
        "ноября",
        "декабря"
      ],
      "abbr": [
        "янв.",
        "февр.",
        "март",
        "апр.",
        "май",
        "июнь",
        "июль",
        "авг.",
        "сент.",
        "окт.",
        "нояб.",
        "дек."
      ],
      "abbr_context": [
        "янв.",
        "февр.",
        "марта",
        "апр.",
        "мая",
        "июня",
        "июля",
        "авг.",
        "сент.",
        "окт.",
        "нояб.",
        "дек."
      ]
    },
    "weekday": {
      "wide": [
        "Воскресенье",
        "Понедельник",
        "Вторник",
        "Среда",
        "Четверг",
        "Пятница",
        "Суббота"
      ],
      "wide_context": [
        "воскресенье",
        "понедельник",
        "вторник",
        "среда",
        "четверг",
        "пятница",
        "суббота"
      ],
      "abbr": [
        "Вс",
        "Пн",
        "Вт",
        "Ср",
        "Чт",
        "Пт",
        "Сб"
      ],
      "abbr_context": [
        "вс",
        "пн",
        "вт",
        "ср",
        "чт",
        "пт",
        "сб"
      ]
    }
  },
  "hacker": {
    "abbreviation": [
      "БИОС",
      "Гб",
      "ИИ",
      "ОС",
      "ОЗУ",
      "ПО",
      "СУБД",
      "ХЗ",
      "ЭВМ",
      "HTTP",
      "SDD",
      "CSS",
      "SSL",
      "AGP",
      "FTP",
      "PCI",
      "ADP",
      "RSS",
      "XML",
      "EXE",
      "COM",
      "НМЖД",
      "ПЗУ",
      "SMTP",
      "SMS",
      "USB",
      "PNG",
      "SAS",
      "JSON",
      "XSS"
    ],
    "adjective": [
      "вспомогательный",
      "основной",
      "внутренний",
      "цифровой",
      "свободно-распростроняемый",
      "виртуальный",
      "кросс-платформенный",
      "излишний",
      "онлайн",
      "сенсорный",
      "многобайтный",
      "беспроводной",
      "1080-пиксельный",
      "нейронный",
      "оптический",
      "твердотельный",
      "мобильный"
    ],
    "noun": [
      "драйвер",
      "протокол",
      "ограничитель",
      "интерфейс",
      "микрочип",
      "код",
      "парсер",
      "сокет",
      "кортеж",
      "порт",
      "ключ",
      "массив",
      "интерфейс",
      "объект",
      "сенсор",
      "брандмауэр",
      "винчестер",
      "пиксель",
      "механизм сигнализации",
      "поглотитель",
      "монитор",
      "продукт",
      "передатчик",
      "блок разведения",
      "канал",
      "конденсатор",
      "оператор"
    ],
    "verb": [
      "сохранить",
      "обойти",
      "взломать",
      "переопределить",
      "сжать",
      "зашифровать",
      "импортировать",
      "экспортировать",
      "копировать",
      "навигировать",
      "индексировать",
      "соединить",
      "генерировать",
      "распарсить",
      "квантифицировать",
      "вычислить",
      "синтезировать",
      "ввести",
      "передать",
      "запрограммировать",
      "перезагрузить",
      "разобрать"
    ],
    "ingverb": [
      "резервное копирование",
      "обход",
      "архивирование",
      "взлом",
      "шифрование",
      "переопределение",
      "сжатие",
      "скачивание",
      "копирование",
      "навигация",
      "индексирование",
      "соединение",
      "генерация",
      "определение количества",
      "вычисление",
      "синтез",
      "передача",
      "программирование",
      "разбор"
    ],
    "phrase": [
      "Чтобы {{verb}} {{noun}}, мы можем получить {{abbreviation}} {{noun}} через {{adjective}} {{abbreviation}} {{noun}}!",
      "Необходимо {{verb}} {{adjective}} {{abbreviation}} {{noun}}!",
      "Попробуйте {{verb}} {{abbreviation}} {{noun}}, возможно это позволит {{verb}} {{adjective}} {{noun}}!",
      "Вы не можете {{verb}} {{noun}}, требуется {{ingverb}} или {{ingverb}}!",
      "Используйте {{adjective}} {{abbreviation}} {{noun}}, для того чтобы {{verb}} {{adjective}} {{noun}}!",
      "{{abbreviation}} {{noun}} недоступен, требуется {{verb}} {{adjective}} {{noun}}, чтобы мы могли {{verb}} {{abbreviation}} {{noun}}!",
      "{{ingverb}} не работает, попробуйте {{verb}} {{adjective}} {{abbreviation}} {{noun}}!",
      "Я планирую {{verb}} {{adjective}} {{abbreviation}} {{noun}}, это должно помочь {{verb}} {{abbreviation}} {{noun}}!"
    ]
  }
}