{
  "title": "Swedish",
  "address": {
    "city_prefix": [
      "Söder",
      "Norr",
      "Väst",
      "Öster",
      "Aling",
      "Ar",
      "Av",
      "Bo",
      "Br",
      "Bå",
      "Ek",
      "En",
      "Esk",
      "Fal",
      "Gäv",
      "Göte",
      "Ha",
      "Helsing",
      "Karl",
      "Krist",
      "Kram",
      "Kung",
      "Kö",
      "Lyck",
      "Ny"
    ],
    "city_suffix": [
      "stad",
      "land",
      "sås",
      "ås",
      "holm",
      "tuna",
      "sta",
      "berg",
      "löv",
      "borg",
      "mora",
      "hamn",
      "fors",
      "köping",
      "by",
      "hult",
      "torp",
      "fred",
      "vik"
    ],
    "country": [
      "Ryssland",
      "Kanada",
      "Kina",
      "USA",
      "Brasilien",
      "Australien",
      "Indien",
      "Argentina",
      "Kazakstan",
      "Algeriet",
      "DR Kongo",
      "Danmark",
      "Färöarna",
      "Grönland",
      "Saudiarabien",
      "Mexiko",
      "Indonesien",
      "Sudan",
      "Libyen",
      "Iran",
      "Mongoliet",
      "Peru",
      "Tchad",
      "Niger",
      "Angola",
      "Mali",
      "Sydafrika",
      "Colombia",
      "Etiopien",
      "Bolivia",
      "Mauretanien",
      "Egypten",
      "Tanzania",
      "Nigeria",
      "Venezuela",
      "Namibia",
      "Pakistan",
      "Moçambique",
      "Turkiet",
      "Chile",
      "Zambia",
      "Marocko",
      "Västsahara",
      "Burma",
      "Afghanistan",
      "Somalia",
      "Centralafrikanska republiken",
      "Sydsudan",
      "Ukraina",
      "Botswana",
      "Madagaskar",
      "Kenya",
      "Frankrike",
      "Franska Guyana",
      "Jemen",
      "Thailand",
      "Spanien",
      "Turkmenistan",
      "Kamerun",
      "Papua Nya Guinea",
      "Sverige",
      "Uzbekistan",
      "Irak",
      "Paraguay",
      "Zimbabwe",
      "Japan",
      "Tyskland",
      "Kongo",
      "Finland",
      "Malaysia",
      "Vietnam",
      "Norge",
      "Svalbard",
      "Jan Mayen",
      "Elfenbenskusten",
      "Polen",
      "Italien",
      "Filippinerna",
      "Ecuador",
      "Burkina Faso",
      "Nya Zeeland",
      "Gabon",
      "Guinea",
      "Storbritannien",
      "Ghana",
      "Rumänien",
      "Laos",
      "Uganda",
      "Guyana",
      "Oman",
      "Vitryssland",
      "Kirgizistan",
      "Senegal",
      "Syrien",
      "Kambodja",
      "Uruguay",
      "Tunisien",
      "Surinam",
      "Nepal",
      "Bangladesh",
      "Tadzjikistan",
      "Grekland",
      "Nicaragua",
      "Eritrea",
      "Nordkorea",
      "Malawi",
      "Benin",
      "Honduras",
      "Liberia",
      "Bulgarien",
      "Kuba",
      "Guatemala",
      "Island",
      "Sydkorea",
      "Ungern",
      "Portugal",
      "Jordanien",
      "Serbien",
      "Azerbajdzjan",
      "Österrike",
      "Förenade Arabemiraten",
      "Tjeckien",
      "Panama",
      "Sierra Leone",
      "Irland",
      "Georgien",
      "Sri Lanka",
      "Litauen",
      "Lettland",
      "Togo",
      "Kroatien",
      "Bosnien och Hercegovina",
      "Costa Rica",
      "Slovakien",
      "Dominikanska republiken",
      "Bhutan",
      "Estland",
      "Danmark",
      "Färöarna",
      "Grönland",
      "Nederländerna",
      "Schweiz",
      "Guinea-Bissau",
      "Taiwan",
      "Moldavien",
      "Belgien",
      "Lesotho",
      "Armenien",
      "Albanien",
      "Salomonöarna",
      "Ekvatorialguinea",
      "Burundi",
      "Haiti",
      "Rwanda",
      "Makedonien",
      "Djibouti",
      "Belize",
      "Israel",
      "El Salvador",
      "Slovenien",
      "Fiji",
      "Kuwait",
      "Swaziland",
      "Timor-Leste",
      "Montenegro",
      "Bahamas",
      "Vanuatu",
      "Qatar",
      "Gambia",
      "Jamaica",
      "Kosovo",
      "Libanon",
      "Cypern",
      "Brunei",
      "Trinidad och Tobago",
      "Kap Verde",
      "Samoa",
      "Luxemburg",
      "Komorerna",
      "Mauritius",
      "São Tomé och Príncipe",
      "Kiribati",
      "Dominica",
      "Tonga",
      "Mikronesiens federerade stater",
      "Singapore",
      "Bahrain",
      "Saint Lucia",
      "Andorra",
      "Palau",
      "Seychellerna",
      "Antigua och Barbuda",
      "Barbados",
      "Saint Vincent och Grenadinerna",
      "Grenada",
      "Malta",
      "Maldiverna",
      "Saint Kitts och Nevis",
      "Marshallöarna",
      "Liechtenstein",
      "San Marino",
      "Tuvalu",
      "Nauru",
      "Monaco",
      "Vatikanstaten"
    ],
    "common_street_suffix": [
      "s Väg",
      "s Gata"
    ],
    "street_prefix": [
      "Västra",
      "Östra",
      "Norra",
      "Södra",
      "Övre",
      "Undre"
    ],
    "street_root": [
      "Björk",
      "Järnvägs",
      "Ring",
      "Skol",
      "Skogs",
      "Ny",
      "Gran",
      "Idrotts",
      "Stor",
      "Kyrk",
      "Industri",
      "Park",
      "Strand",
      "Skol",
      "Trädgård",
      "Ängs",
      "Kyrko",
      "Villa",
      "Ek",
      "Kvarn",
      "Stations",
      "Back",
      "Furu",
      "Gen",
      "Fabriks",
      "Åker",
      "Bäck",
      "Asp"
    ],
    "street_suffix": [
      "vägen",
      "gatan",
      "gränden",
      "gärdet",
      "allén"
    ],
    "state": [
      "Blekinge",
      "Dalarna",
      "Gotland",
      "Gävleborg",
      "Göteborg",
      "Halland",
      "Jämtland",
      "Jönköping",
      "Kalmar",
      "Kronoberg",
      "Norrbotten",
      "Skaraborg",
      "Skåne",
      "Stockholm",
      "Södermanland",
      "Uppsala",
      "Värmland",
      "Västerbotten",
      "Västernorrland",
      "Västmanland",
      "Älvsborg",
      "Örebro",
      "Östergötland"
    ],
    "city": [
      "#{city_prefix}#{city_suffix}"
    ],
    "street_name": [
      "#{street_root}#{street_suffix}",
      "#{street_prefix} #{street_root}#{street_suffix}",
      "#{Name.first_name}#{common_street_suffix}",
      "#{Name.last_name}#{common_street_suffix}"
    ],
    "postcode": [
      "#####"
    ],
    "building_number": [
      "###",
      "##",
      "#"
    ],
    "secondary_address": [
      "Lgh. ###",
      "Hus ###"
    ],
    "street_address": [
      "#{street_name} #{building_number}"
    ],
    "default_country": [
      "Sverige"
    ]
  },
  "company": {
    "suffix": [
      "Gruppen",
      "AB",
      "HB",
      "Group",
      "Investment",
      "Kommanditbolag",
      "Aktiebolag"
    ],
    "name": [
      "#{Name.last_name} #{suffix}",
      "#{Name.last_name}-#{Name.last_name}",
      "#{Name.last_name}, #{Name.last_name} #{suffix}"
    ]
  },
  "internet": {
    "domain_suffix": [
      "se",
      "nu",
      "info",
      "com",
      "org"
    ]
  },
  "name": {
    "first_name_women": [
      "Astrid",
      "Anna",
      "Alice",
      "Amanda",
      "Ann",
      "Agneta",
      "Anette",
      "Anneli",
      "Alexandra",
      "Agnes",
      "Anne",
      "Alva",
      "Alma",
      "Angelica",
      "Ann-Marie",
      "Maria",
      "Margareta",
      "Elisabeth",
      "Eva",
      "Birgitta",
      "Kristina",
      "Karin",
      "Elisabet",
      "Marie",
      "Lotta",
      "Ronja",
      "Veronica"
    ],
    "first_name_men": [
      "Erik",
      "Lars",
      "Karl",
      "Anders",
      "Per",
      "Johan",
      "Nils",
      "Lennart",
      "Emil",
      "Hans"
    ],
    "last_name": [
      "Johansson",
      "Andersson",
      "Karlsson",
      "Nilsson",
      "Eriksson",
      "Larsson",
      "Olsson",
      "Persson",
      "Svensson",
      "Gustafsson"
    ],
    "prefix": [
      "Dr.",
      "Prof.",
      "PhD."
    ],
    "title": {
      "descriptor": [
        "Lead",
        "Senior",
        "Direct",
        "Corporate",
        "Dynamic",
        "Future",
        "Product",
        "National",
        "Regional",
        "District",
        "Central",
        "Global",
        "Customer",
        "Investor",
        "Dynamic",
        "International",
        "Legacy",
        "Forward",
        "Internal",
        "Human",
        "Chief",
        "Principal"
      ],
      "level": [
        "Solutions",
        "Program",
        "Brand",
        "Security",
        "Research",
        "Marketing",
        "Directives",
        "Implementation",
        "Integration",
        "Functionality",
        "Response",
        "Paradigm",
        "Tactics",
        "Identity",
        "Markets",
        "Group",
        "Division",
        "Applications",
        "Optimization",
        "Operations",
        "Infrastructure",
        "Intranet",
        "Communications",
        "Web",
        "Branding",
        "Quality",
        "Assurance",
        "Mobility",
        "Accounts",
        "Data",
        "Creative",
        "Configuration",
        "Accountability",
        "Interactions",
        "Factors",
        "Usability",
        "Metrics"
      ],
      "job": [
        "Supervisor",
        "Associate",
        "Executive",
        "Liaison",
        "Officer",
        "Manager",
        "Engineer",
        "Specialist",
        "Director",
        "Coordinator",
        "Administrator",
        "Architect",
        "Analyst",
        "Designer",
        "Planner",
        "Orchestrator",
        "Technician",
        "Developer",
        "Producer",
        "Consultant",
        "Assistant",
        "Facilitator",
        "Agent",
        "Representative",
        "Strategist"
      ]
    },
    "name": [
      "#{first_name_women} #{last_name}",
      "#{first_name_men} #{last_name}",
      "#{first_name_women} #{last_name}",
      "#{first_name_men} #{last_name}",
      "#{first_name_women} #{last_name}",
      "#{first_name_men} #{last_name}",
      "#{prefix} #{first_name_men} #{last_name}",
      "#{prefix} #{first_name_women} #{last_name}"
    ]
  },
  "phone_number": {
    "formats": [
      "####-#####",
      "####-######"
    ]
  },
  "cell_phone": {
    "common_cell_prefix": [
      "56",
      "62",
      "59"
    ],
    "formats": [
      "#{common_cell_prefix}-###-####"
    ]
  },
  "commerce": {
    "color": [
      "vit",
      "silver",
      "grå",
      "svart",
      "röd",
      "grön",
      "blå",
      "gul",
      "lila",
      "indigo",
      "guld",
      "brun",
      "rosa",
      "purpur",
      "korall"
    ],
    "department": [
      "Böcker",
      "Filmer",
      "Musik",
      "Spel",
      "Elektronik",
      "Datorer",
      "Hem",
      "Trädgård",
      "Verktyg",
      "Livsmedel",
      "Hälsa",
      "Skönhet",
      "Leksaker",
      "Klädsel",
      "Skor",
      "Smycken",
      "Sport"
    ],
    "product_name": {
      "adjective": [
        "Liten",
        "Ergonomisk",
        "Robust",
        "Intelligent",
        "Söt",
        "Otrolig",
        "Fatastisk",
        "Praktisk",
        "Slimmad",
        "Grym"
      ],
      "material": [
        "Stål",
        "Metall",
        "Trä",
        "Betong",
        "Plast",
        "Bomul",
        "Grnit",
        "Gummi",
        "Latex"
      ],
      "product": [
        "Stol",
        "Bil",
        "Dator",
        "Handskar",
        "Pants",
        "Shirt",
        "Table",
        "Shoes",
        "Hat"
      ]
    }
  },
  "team": {
    "suffix": [
      "IF",
      "FF",
      "BK",
      "HK",
      "AIF",
      "SK",
      "FC",
      "SK",
      "BoIS",
      "FK",
      "BIS",
      "FIF",
      "IK"
    ],
    "name": [
      "#{Address.city} #{suffix}"
    ]
  },
  "date": {
    "month": {
      "wide": [
        "januari",
        "februari",
        "mars",
        "april",
        "maj",
        "juni",
        "juli",
        "augusti",
        "september",
        "oktober",
        "november",
        "december"
      ],
      "abbr": [
        "jan",
        "feb",
        "mar",
        "apr",
        "maj",
        "jun",
        "jul",
        "aug",
        "sep",
        "okt",
        "nov",
        "dec"
      ]
    },
    "weekday": {
      "wide": [
        "söndag",
        "måndag",
        "tisdag",
        "onsdag",
        "torsdag",
        "fredag",
        "lördag"
      ],
      "abbr": [
        "sön",
        "mån",
        "tis",
        "ons",
        "tor",
        "fre",
        "lör"
      ]
    }
  }
}