{
  "title": "Turkish",
  "address": {
    "city": [
      "Adana",
      "Adıyaman",
      "Afyon",
      "Ağrı",
      "Amasya",
      "Ankara",
      "Antalya",
      "Artvin",
      "Aydın",
      "Balıkesir",
      "Bilecik",
      "Bingöl",
      "Bitlis",
      "Bolu",
      "Burdur",
      "Bursa",
      "Çanakkale",
      "Çankırı",
      "Çorum",
      "Denizli",
      "Diyarbakır",
      "Edirne",
      "Elazığ",
      "Erzincan",
      "Erzurum",
      "Eskişehir",
      "Gaziantep",
      "Giresun",
      "Gümüşhane",
      "Hakkari",
      "Hatay",
      "Isparta",
      "İçel (Mersin)",
      "İstanbul",
      "İzmir",
      "Kars",
      "Kastamonu",
      "Kayseri",
      "Kırklareli",
      "Kırşehir",
      "Kocaeli",
      "Konya",
      "Kütahya",
      "Malatya",
      "Manisa",
      "K.maraş",
      "Mardin",
      "Muğla",
      "Muş",
      "Nevşehir",
      "Niğde",
      "Ordu",
      "Rize",
      "Sakarya",
      "Samsun",
      "Siirt",
      "Sinop",
      "Sivas",
      "Tekirdağ",
      "Tokat",
      "Trabzon",
      "Tunceli",
      "Şanlıurfa",
      "Uşak",
      "Van",
      "Yozgat",
      "Zonguldak",
      "Aksaray",
      "Bayburt",
      "Karaman",
      "Kırıkkale",
      "Batman",
      "Şırnak",
      "Bartın",
      "Ardahan",
      "Iğdır",
      "Yalova",
      "Karabük",
      "Kilis",
      "Osmaniye",
      "Düzce"
    ],
    "street_root": [
      "Atatürk Bulvarı",
      "Alparslan Türkeş Bulvarı",
      "Ali Çetinkaya Caddesi",
      "Tevfik Fikret Caddesi",
      "Kocatepe Caddesi",
      "İsmet Paşa Caddesi",
      "30 Ağustos Caddesi",
      "İsmet Attila Caddesi",
      "Namık Kemal Caddesi",
      "Lütfi Karadirek Caddesi",
      "Sarıkaya Caddesi",
      "Yunus Emre Sokak",
      "Dar Sokak",
      "Fatih Sokak ",
      "Harman Yolu Sokak ",
      "Ergenekon Sokak  ",
      "Ülkü Sokak",
      "Sağlık Sokak",
      "Okul Sokak",
      "Harman Altı Sokak",
      "Kaldırım Sokak",
      "Mevlana Sokak",
      "Gül Sokak",
      "Sıran Söğüt Sokak",
      "Güven Yaka Sokak",
      "Saygılı Sokak",
      "Menekşe Sokak",
      "Dağınık Evler Sokak",
      "Sevgi Sokak",
      "Afyon Kaya Sokak",
      "Oğuzhan Sokak",
      "İbn-i Sina Sokak",
      "Okul Sokak",
      "Bahçe Sokak",
      "Köypınar Sokak",
      "Kekeçoğlu Sokak",
      "Barış Sokak",
      "Bayır Sokak",
      "Kerimoğlu Sokak",
      "Nalbant Sokak",
      "Bandak Sokak"
    ],
    "country": [
      "Afganistan",
      "Almanya",
      "Amerika Birleşik Devletleri",
      "Amerikan Samoa",
      "Andorra",
      "Angola",
      "Anguilla, İngiltere",
      "Antigua ve Barbuda",
      "Arjantin",
      "Arnavutluk",
      "Aruba, Hollanda",
      "Avustralya",
      "Avusturya",
      "Azerbaycan",
      "Bahama Adaları",
      "Bahreyn",
      "Bangladeş",
      "Barbados",
      "Belçika",
      "Belize",
      "Benin",
      "Bermuda, İngiltere",
      "Beyaz Rusya",
      "Bhutan",
      "Birleşik Arap Emirlikleri",
      "Birmanya (Myanmar)",
      "Bolivya",
      "Bosna Hersek",
      "Botswana",
      "Brezilya",
      "Brunei",
      "Bulgaristan",
      "Burkina Faso",
      "Burundi",
      "Cape Verde",
      "Cayman Adaları, İngiltere",
      "Cebelitarık, İngiltere",
      "Cezayir",
      "Christmas Adası , Avusturalya",
      "Cibuti",
      "Çad",
      "Çek Cumhuriyeti",
      "Çin",
      "Danimarka",
      "Doğu Timor",
      "Dominik Cumhuriyeti",
      "Dominika",
      "Ekvator",
      "Ekvator Ginesi",
      "El Salvador",
      "Endonezya",
      "Eritre",
      "Ermenistan",
      "Estonya",
      "Etiyopya",
      "Fas",
      "Fiji",
      "Fildişi Sahili",
      "Filipinler",
      "Filistin",
      "Finlandiya",
      "Folkland Adaları, İngiltere",
      "Fransa",
      "Fransız Guyanası",
      "Fransız Güney Eyaletleri (Kerguelen Adaları)",
      "Fransız Polinezyası",
      "Gabon",
      "Galler",
      "Gambiya",
      "Gana",
      "Gine",
      "Gine-Bissau",
      "Grenada",
      "Grönland",
      "Guadalup, Fransa",
      "Guam, Amerika",
      "Guatemala",
      "Guyana",
      "Güney Afrika",
      "Güney Georgia ve Güney Sandviç Adaları, İngiltere",
      "Güney Kıbrıs Rum Yönetimi",
      "Güney Kore",
      "Gürcistan H",
      "Haiti",
      "Hırvatistan",
      "Hindistan",
      "Hollanda",
      "Hollanda Antilleri",
      "Honduras",
      "Irak",
      "İngiltere",
      "İran",
      "İrlanda",
      "İspanya",
      "İsrail",
      "İsveç",
      "İsviçre",
      "İtalya",
      "İzlanda",
      "Jamaika",
      "Japonya",
      "Johnston Atoll, Amerika",
      "K.K.T.C.",
      "Kamboçya",
      "Kamerun",
      "Kanada",
      "Kanarya Adaları",
      "Karadağ",
      "Katar",
      "Kazakistan",
      "Kenya",
      "Kırgızistan",
      "Kiribati",
      "Kolombiya",
      "Komorlar",
      "Kongo",
      "Kongo Demokratik Cumhuriyeti",
      "Kosova",
      "Kosta Rika",
      "Kuveyt",
      "Kuzey İrlanda",
      "Kuzey Kore",
      "Kuzey Maryana Adaları",
      "Küba",
      "Laos",
      "Lesotho",
      "Letonya",
      "Liberya",
      "Libya",
      "Liechtenstein",
      "Litvanya",
      "Lübnan",
      "Lüksemburg",
      "Macaristan",
      "Madagaskar",
      "Makau (Makao)",
      "Makedonya",
      "Malavi",
      "Maldiv Adaları",
      "Malezya",
      "Mali",
      "Malta",
      "Marşal Adaları",
      "Martinik, Fransa",
      "Mauritius",
      "Mayotte, Fransa",
      "Meksika",
      "Mısır",
      "Midway Adaları, Amerika",
      "Mikronezya",
      "Moğolistan",
      "Moldavya",
      "Monako",
      "Montserrat",
      "Moritanya",
      "Mozambik",
      "Namibia",
      "Nauru",
      "Nepal",
      "Nijer",
      "Nijerya",
      "Nikaragua",
      "Niue, Yeni Zelanda",
      "Norveç",
      "Orta Afrika Cumhuriyeti",
      "Özbekistan",
      "Pakistan",
      "Palau Adaları",
      "Palmyra Atoll, Amerika",
      "Panama",
      "Papua Yeni Gine",
      "Paraguay",
      "Peru",
      "Polonya",
      "Portekiz",
      "Porto Riko, Amerika",
      "Reunion, Fransa",
      "Romanya",
      "Ruanda",
      "Rusya Federasyonu",
      "Saint Helena, İngiltere",
      "Saint Martin, Fransa",
      "Saint Pierre ve Miquelon, Fransa",
      "Samoa",
      "San Marino",
      "Santa Kitts ve Nevis",
      "Santa Lucia",
      "Santa Vincent ve Grenadinler",
      "Sao Tome ve Principe",
      "Senegal",
      "Seyşeller",
      "Sırbistan",
      "Sierra Leone",
      "Singapur",
      "Slovakya",
      "Slovenya",
      "Solomon Adaları",
      "Somali",
      "Sri Lanka",
      "Sudan",
      "Surinam",
      "Suriye",
      "Suudi Arabistan",
      "Svalbard, Norveç",
      "Svaziland",
      "Şili",
      "Tacikistan",
      "Tanzanya",
      "Tayland",
      "Tayvan",
      "Togo",
      "Tonga",
      "Trinidad ve Tobago",
      "Tunus",
      "Turks ve Caicos Adaları, İngiltere",
      "Tuvalu",
      "Türkiye",
      "Türkmenistan",
      "Uganda",
      "Ukrayna",
      "Umman",
      "Uruguay",
      "Ürdün",
      "Vallis ve Futuna, Fransa",
      "Vanuatu",
      "Venezuela",
      "Vietnam",
      "Virgin Adaları, Amerika",
      "Virgin Adaları, İngiltere",
      "Wake Adaları, Amerika",
      "Yemen",
      "Yeni Kaledonya, Fransa",
      "Yeni Zelanda",
      "Yunanistan",
      "Zambiya",
      "Zimbabve"
    ],
    "postcode": [
      "#####"
    ],
    "default_country": [
      "Türkiye"
    ],
    "building_number": [
      "###",
      "##",
      "#",
      "##a",
      "##b",
      "##c"
    ],
    "street_name": [
      "#{street_root}"
    ],
    "street_address": [
      "#{street_name} #{building_number}"
    ],
    "state": [
      "Adana",
      "Adiyaman",
      "Afyonkarahisar",
      "Agri",
      "Aksaray",
      "Amasya",
      "Ankara",
      "Antalya",
      "Ardahan",
      "Artvin",
      "Aydin",
      "Balikesir",
      "Bartin",
      "Batman",
      "Bayburt",
      "Bilecik",
      "Bingöl",
      "Bitlis",
      "Bolu",
      "Burdur",
      "Bursa",
      "Çanakkale",
      "Çankiri",
      "Çorum",
      "Denizli",
      "Diyarbakir",
      "Düzce",
      "Edirne",
      "Elazig",
      "Erzincan",
      "Erzurum",
      "Eskisehir",
      "Gaziantep",
      "Giresun",
      "Gümüshane",
      "Hakkâri",
      "Hatay",
      "Igdir",
      "Isparta",
      "Istanbul",
      "Izmir",
      "Kahramanmaras",
      "Karabük",
      "Karaman",
      "Kars",
      "Kastamonu",
      "Kayseri",
      "Kirikkale",
      "Kirklareli",
      "Kirsehir",
      "Kilis",
      "Kocaeli",
      "Konya",
      "Kütahya",
      "Malatya",
      "Manisa",
      "Mardin",
      "Mersin",
      "Mugla",
      "Mus",
      "Nevsehir",
      "Nigde",
      "Ordu",
      "Osmaniye",
      "Rize",
      "Sakarya",
      "Samsun",
      "Siirt",
      "Sinop",
      "Sivas",
      "Sanliurfa",
      "Sirnak",
      "Tekirdag",
      "Tokat",
      "Trabzon",
      "Tunceli",
      "Usak",
      "Van",
      "Yalova",
      "Yozgat",
      "Zonguldak"
    ]
  },
  "internet": {
    "domain_suffix": [
      "com.tr",
      "com",
      "net",
      "net.tr",
      "org",
      "org.tr",
      "biz",
      "info",
      "name",
      "gov.tr"
    ]
  },
  "lorem": {
    "words": [
      "masaya",
      "doğru",
      "gülüyorum",
      "telefonu",
      "patlıcan",
      "tv",
      "un",
      "değirmeni",
      "anlamsız",
      "filmini",
      "mi",
      "bilgisayarı",
      "salladı",
      "orta",
      "camisi",
      "çünkü",
      "yazın",
      "umut",
      "teldeki",
      "layıkıyla",
      "gül",
      "otobüs",
      "gitti",
      "değerli",
      "olduğu",
      "için",
      "çobanın",
      "öyle",
      "ki",
      "sokaklarda",
      "adanaya",
      "de",
      "masanın",
      "çakıl",
      "lambadaki",
      "gördüm",
      "ekşili",
      "çorba",
      "cezbelendi",
      "batarya",
      "kutusu",
      "lakin",
      "dışarı",
      "çıktılar",
      "karşıdakine",
      "bilgiyasayarı",
      "sevindi",
      "ve",
      "ışık",
      "dağılımı",
      "sıla",
      "koştum",
      "koşuyorlar",
      "göze",
      "çarpan",
      "eve",
      "yapacakmış",
      "gidecekmiş",
      "biber",
      "dergi",
      "ona",
      "duyulmamış",
      "türemiş",
      "sıfat",
      "sandalye",
      "mıknatıslı",
      "okuma",
      "sayfası",
      "sinema",
      "hesap",
      "makinesi",
      "balıkhaneye",
      "mutlu",
      "oldular",
      "beğendim",
      "kapının",
      "kulu",
      "koyun",
      "cesurca",
      "yaptı",
      "gazete",
      "uzattı",
      "ötekinden",
      "dolayı",
      "sarmal",
      "açılmadan",
      "adresini",
      "kalemi",
      "sıradanlıktan",
      "şafak",
      "ama",
      "bahar",
      "bundan",
      "domates",
      "düşünüyor",
      "layıkıyla",
      "alias",
      "consequatur",
      "aut",
      "perferendis",
      "sit",
      "voluptatem",
      "accusantium",
      "doloremque",
      "aperiam",
      "eaque",
      "ipsa",
      "quae",
      "ab",
      "illo",
      "inventore",
      "veritatis",
      "et",
      "quasi",
      "architecto",
      "beatae",
      "vitae",
      "dicta",
      "sunt",
      "explicabo",
      "aspernatur",
      "aut",
      "odit",
      "aut",
      "fugit",
      "sed",
      "quia",
      "consequuntur",
      "magni",
      "dolores",
      "eos",
      "qui",
      "ratione",
      "voluptatem",
      "sequi",
      "nesciunt",
      "neque",
      "dolorem",
      "ipsum",
      "quia",
      "dolor",
      "sit",
      "amet",
      "consectetur",
      "adipisci",
      "velit",
      "sed",
      "quia",
      "non",
      "numquam",
      "eius",
      "modi",
      "tempora",
      "incidunt",
      "ut",
      "labore",
      "et",
      "dolore",
      "magnam",
      "aliquam",
      "quaerat",
      "voluptatem",
      "ut",
      "enim",
      "ad",
      "minima",
      "veniam",
      "quis",
      "nostrum",
      "exercitationem",
      "ullam",
      "corporis",
      "nemo",
      "enim",
      "ipsam",
      "voluptatem",
      "quia",
      "voluptas",
      "sit",
      "suscipit",
      "laboriosam",
      "nisi",
      "ut",
      "aliquid",
      "ex",
      "ea",
      "commodi",
      "consequatur",
      "quis",
      "autem",
      "vel",
      "eum",
      "iure",
      "reprehenderit",
      "qui",
      "in",
      "ea",
      "voluptate",
      "velit",
      "esse",
      "quam",
      "nihil",
      "molestiae",
      "et",
      "iusto",
      "odio",
      "dignissimos",
      "ducimus",
      "qui",
      "blanditiis",
      "praesentium",
      "laudantium",
      "totam",
      "rem",
      "voluptatum",
      "deleniti"
    ]
  },
  "phone_number": {
    "area_code": [
      "392",
      "510",
      "512",
      "522",
      "562",
      "564",
      "592",
      "594",
      "800",
      "811",
      "822",
      "850",
      "888",
      "898",
      "900",
      "322",
      "416",
      "272",
      "472",
      "382",
      "358",
      "312",
      "242",
      "478",
      "466",
      "256",
      "266",
      "378",
      "488",
      "458",
      "228",
      "426",
      "434",
      "374",
      "248",
      "224",
      "286",
      "376",
      "364",
      "258",
      "412",
      "380",
      "284",
      "424",
      "446",
      "442",
      "222",
      "342",
      "454",
      "456",
      "438",
      "326",
      "476",
      "246",
      "216",
      "212",
      "232",
      "344",
      "370",
      "338",
      "474",
      "366",
      "352",
      "318",
      "288",
      "386",
      "348",
      "262",
      "332",
      "274",
      "422",
      "236",
      "482",
      "324",
      "252",
      "436",
      "384",
      "388",
      "452",
      "328",
      "464",
      "264",
      "362",
      "484",
      "368",
      "346",
      "414",
      "486",
      "282",
      "356",
      "462",
      "428",
      "276",
      "432",
      "226",
      "354",
      "372"
    ],
    "formats": [
      "+90-###-###-##-##",
      "+90-###-###-#-###"
    ]
  },
  "cell_phone": {
    "formats": [
      "+90-53#-###-##-##",
      "+90-54#-###-##-##",
      "+90-55#-###-##-##",
      "+90-50#-###-##-##"
    ]
  },
  "name": {
    "first_name": [
      "Abidin",
      "Adem",
      "Adil",
      "Adnan",
      "Ahmet",
      "Ahmetcan",
      "Akın",
      "Aksel",
      "Alaaddin",
      "Alev",
      "Alevtina",
      "Ali",
      "Alişan",
      "Alp",
      "Alper",
      "Alperen",
      "Andaç",
      "Anıl",
      "Arda",
      "Arif",
      "Arman",
      "Arzu",
      "Asena",
      "Asım",
      "Aslan",
      "Aslı",
      "Aslıhan",
      "Asuman",
      "Atacan",
      "Atakan",
      "Atılgan",
      "Atilla",
      "Aybegüm",
      "Aybüke",
      "Aycan",
      "Aydemir",
      "Aydın",
      "Aydoğan",
      "Ayhan",
      "Aykan",
      "Aykut",
      "Ayla",
      "Aylia",
      "Aylin",
      "Aysel",
      "Aysu",
      "Aysun",
      "Ayşe",
      "Ayşegül",
      "Ayşen",
      "Ayşenur",
      "Aytaç",
      "Aziz",
      "Bahadır",
      "Bahattin",
      "Bahri",
      "Baki",
      "Baran",
      "Barış",
      "Batuhan",
      "Başak",
      "Baver",
      "Bayram",
      "Bedreddin",
      "Bedri",
      "Begüm",
      "Bekir",
      "Belgin",
      "Belma",
      "Bengü",
      "Bengühan",
      "Beraat",
      "Beray",
      "Berfin",
      "Berfu",
      "Berk",
      "Berkan",
      "Berker",
      "Berna",
      "Berrin",
      "Beste",
      "Betül",
      "Beyza",
      "Bilal",
      "Bilge",
      "Bilgi",
      "Bilgin",
      "Bireylül",
      "Birgül",
      "Birol",
      "Birsen",
      "Bişar",
      "Bora",
      "Buğra",
      "Bulut",
      "Burak",
      "Burcu",
      "Burçhan",
      "Burçin",
      "Burhan",
      "Burhanettin",
      "Bülent",
      "Bünyamin",
      "Büşra",
      "Cafer",
      "Cahit",
      "Can",
      "Canan",
      "Caner",
      "Cansen",
      "Cansu",
      "Cebbar",
      "Cebrail",
      "Cem",
      "Cemal",
      "Cemil",
      "Cemre",
      "Cengiz",
      "Cenk",
      "Ceren",
      "Cevahir",
      "Ceyda",
      "Ceyhan",
      "Ceyhun",
      "Ceylan",
      "Cihan",
      "Cömert",
      "Cuma",
      "Cumhur",
      "Cundullah",
      "Cüneyt",
      "Çağdaş",
      "Çağla",
      "Çağlar",
      "Çağrı",
      "Çavlan",
      "Çetin",
      "Çiğdem",
      "Çile",
      "Damla",
      "Davut",
      "Demet",
      "Demir",
      "Deniz",
      "Deram",
      "Derman",
      "Derviş",
      "Derya",
      "Diana",
      "Dicle",
      "Didem",
      "Dilan",
      "Dilara",
      "Dilber",
      "Dilek",
      "Dilşah",
      "Doğan",
      "Duçem",
      "Duran",
      "Duygu",
      "Ebru",
      "Ece",
      "Eda",
      "Efruz",
      "Egemen",
      "Ekin",
      "Ekrem",
      "Ela",
      "Elçin",
      "Elif",
      "Elifcan",
      "Elzem",
      "Emced",
      "Emel",
      "Emin",
      "Emine",
      "Emiş",
      "Emrah",
      "Emrullah",
      "Ender",
      "Enes",
      "Engin",
      "Ennur",
      "Enver",
      "Eray",
      "Ercan",
      "Erdal",
      "Erdem",
      "Erdinç",
      "Erem",
      "Eren",
      "Ergül",
      "Ergün",
      "Erhan",
      "Erkan",
      "Erkin",
      "Erol",
      "Ersagun",
      "Ersen",
      "Ersin",
      "Ertan",
      "Esen",
      "Eser",
      "Esin",
      "Esma",
      "Esmeralda",
      "Esra",
      "Ethem",
      "Evre",
      "Evren",
      "Evrim",
      "Eylem",
      "Eyüp",
      "Eyyüp",
      "Ezel",
      "Ezgi",
      "Fadıl",
      "Fahri",
      "Faik",
      "Faris",
      "Faruk",
      "Fatih",
      "Fatma",
      "Ferat",
      "Feray",
      "Ferda",
      "Ferdi",
      "Ferhan",
      "Ferhat",
      "Ferit",
      "Fethi",
      "Fethiye",
      "Fevziye",
      "Feyza",
      "Feyzahan",
      "Feza",
      "Fırat",
      "Fikri",
      "Filiz",
      "Fuat",
      "Fulya",
      "Füsun",
      "Gamze",
      "Ganim",
      "Gizem",
      "Gonca",
      "Gökay",
      "Gökçen",
      "Gökhan",
      "Gökmen",
      "Göknur",
      "Göksel",
      "Göktekin",
      "Gökten",
      "Görkem",
      "Gözde",
      "Gözdem",
      "Güher",
      "Gül",
      "Gülay",
      "Gülbahar",
      "Gülberat",
      "Gülcan",
      "Gülçin",
      "Güldehen",
      "Gülden",
      "Gülhanım",
      "Güliz",
      "Gülname",
      "Gülperi",
      "Gülsen",
      "Gülseren",
      "Gülsüm",
      "Gülşah",
      "Gülşen",
      "Günay",
      "Gündem",
      "Güneş",
      "Gürkan",
      "Habibe",
      "Habil",
      "Habip",
      "Hacer",
      "Hacı",
      "Haççe",
      "Hakan",
      "Hale",
      "Halenur",
      "Halil",
      "Halilibrahim",
      "Halim",
      "Halime",
      "Haluk",
      "Hamdi",
      "Hamdiye",
      "Hamit",
      "Hamza",
      "Handan",
      "Hande",
      "Hanım",
      "Harun",
      "Hasan",
      "Hasibe",
      "Hasret",
      "Hatice",
      "Hatike",
      "Hatun",
      "Havva",
      "Hayri",
      "Hayriye",
      "Hayrunnisa",
      "Hazan",
      "Hazel",
      "Hicran",
      "Hidayet",
      "Hidir",
      "Hikmet",
      "Hilal",
      "Hilayda",
      "Huriye",
      "Hümeyra",
      "Hüseyin",
      "Irazca",
      "Işık",
      "Işıl",
      "Işın",
      "İbrahim",
      "İdris",
      "İhsan",
      "İklil",
      "İkram",
      "İlhan",
      "İlkay",
      "İlker",
      "İlknur",
      "İlyas",
      "İnanç",
      "İnci",
      "İpek",
      "İrem",
      "İrfan",
      "İsa",
      "İshak",
      "İsmail",
      "İtibar",
      "İzzet",
      "İzzettin",
      "Jale",
      "Kader",
      "Kadir",
      "Kalender",
      "Kamercan",
      "Kamil",
      "Kamuran",
      "Kasım",
      "Kemal",
      "Kenan",
      "Kerim",
      "Kezban",
      "Keziban",
      "Kıvanç",
      "Kıymet",
      "Konuralp",
      "Koray",
      "Korhan",
      "Kubilay",
      "Kurtuluş",
      "Kübra",
      "Kürşat",
      "Lale",
      "Latife",
      "Leman",
      "Levent",
      "Leyla",
      "Leziz",
      "Lütfi",
      "Mahir",
      "Mahmut",
      "Mahperi",
      "Mahsum",
      "Maria",
      "Maruf",
      "Mazlum",
      "Mediha",
      "Mehmet",
      "Mehri",
      "Mehtap",
      "Melahat",
      "Melda",
      "Melek",
      "Melia",
      "Melike",
      "Meltem",
      "Meral",
      "Meriç",
      "Merih",
      "Mert",
      "Merve",
      "Meryem",
      "Mesude",
      "Mesut",
      "Mete",
      "Metin",
      "Mevlüt",
      "Mevsim",
      "Mine",
      "Miraç",
      "Miray",
      "Muammer",
      "Muhammed",
      "Muhlis",
      "Muhsin",
      "Mukadder",
      "Mukaddes",
      "Mumun",
      "Murat",
      "Mustafa",
      "Mutlu",
      "Muzaffer",
      "Mübeccel",
      "Müberra",
      "Mücadiye",
      "Mücahit",
      "Mücella",
      "Müjdat",
      "Mümtaz",
      "Mümüne",
      "Münever",
      "Mürsel",
      "Mürşit",
      "Müslim",
      "Müşerref",
      "Nafiye",
      "Nafiz",
      "Nagihan",
      "Nail",
      "Nalan",
      "Nazan",
      "Nazım",
      "Nazlı",
      "Nebi",
      "Nebil",
      "Necip",
      "Nefise",
      "Nejdet",
      "Neslihan",
      "Nesrin",
      "Neşe",
      "Neval",
      "Nevin",
      "Nevriye",
      "Nevroz",
      "Nevzat",
      "Nezaket",
      "Nezih",
      "Nezir",
      "Nihan",
      "Nihat",
      "Nilay",
      "Nilgün",
      "Nilüfer",
      "Nimet",
      "Nizamettin",
      "Nuh",
      "Numan",
      "Nur",
      "Nuran",
      "Nuray",
      "Nurcan",
      "Nurdan",
      "Nurettin",
      "Nurgül",
      "Nurhan",
      "Nuri",
      "Nurmuhammet",
      "Nursel",
      "Nurullah",
      "Oğuz",
      "Oğuzhan",
      "Okan",
      "Oktay",
      "Onat",
      "Onur",
      "Orçun",
      "Orhan",
      "Orkun",
      "Osman",
      "Ozan",
      "Ökkeş",
      "Ömer",
      "Ömür",
      "Önder",
      "Övünç",
      "Öykü",
      "Özcan",
      "Özden",
      "Özen",
      "Özge",
      "Özgül",
      "Özgür",
      "Özkan",
      "Özlem",
      "Öznur",
      "Öztan",
      "Papatya",
      "Pelin",
      "Perver",
      "Pervin",
      "Petek",
      "Pınar",
      "Rabia",
      "Rahime",
      "Ramazan",
      "Rasim",
      "Raşan",
      "Recep",
      "Refaettin",
      "Refik",
      "Remziye",
      "Resa",
      "Resul",
      "Reşat",
      "Reyhan",
      "Rezan",
      "Rezzan",
      "Rıdvan",
      "Rıfat",
      "Rukiye",
      "Rumeysa",
      "Rüştü",
      "Saadet",
      "Sabahattin",
      "Said",
      "Salih",
      "Saliha",
      "Salim",
      "Salman",
      "Samet",
      "Sami",
      "Sancar",
      "Sare",
      "Savaş",
      "Saygın",
      "Sebahat",
      "Sebiha",
      "Seçil",
      "Seçkin",
      "Seda",
      "Sedat",
      "Sedef",
      "Sefa",
      "Seher",
      "Selahattin",
      "Selami",
      "Selcen",
      "Selçuk",
      "Selda",
      "Selin",
      "Selma",
      "Sema",
      "Semih",
      "Semine",
      "Semra",
      "Sena",
      "Senan",
      "Senem",
      "Serap",
      "Seray",
      "Serçin",
      "Serdal",
      "Serdar",
      "Serhan",
      "Serhat",
      "Serkan",
      "Serpil",
      "Sertaç",
      "Servet",
      "Seval",
      "Sevcan",
      "Sevda",
      "Sevgi",
      "Sevgül",
      "Sevil",
      "Sevinç",
      "Seyfi",
      "Seyfullah",
      "Seyhan",
      "Sezai",
      "Sezen",
      "Sezer",
      "Sezgi",
      "Sezgin",
      "Sıddıka",
      "Sıdıka",
      "Sibel",
      "Sidar",
      "Simender",
      "Simge",
      "Sinan",
      "Sonay",
      "Soner",
      "Songül",
      "Suat",
      "Sultan",
      "Suna",
      "Süheyla",
      "Süleyman",
      "Sümeyra",
      "Sümeyye",
      "Süreyya",
      "Şadi",
      "Şafak",
      "Şahabettin",
      "Şahika",
      "Şahin",
      "Şahinde",
      "Şebnem",
      "Şehmus",
      "Şenay",
      "Şenol",
      "Şerafettin",
      "Şerif",
      "Şerife",
      "Şermin",
      "Şeyda",
      "Şeyhmus",
      "Şeyma",
      "Şifa",
      "Şirin",
      "Şuayıp",
      "Şule",
      "Şükrü",
      "Tahir",
      "Talha",
      "Tamer",
      "Taner",
      "Tansu",
      "Tarkan",
      "Tayfun",
      "Tayfur",
      "Taylan",
      "Tekin",
      "Tevfik",
      "Tevhid",
      "Teyfik",
      "Timuçin",
      "Timur",
      "Tolga",
      "Tolgahan",
      "Tolunay",
      "Tuba",
      "Tuğba",
      "Tuğberk",
      "Tuğçe",
      "Tuğra",
      "Tuğrul",
      "Tuğsem",
      "Tuna",
      "Tuncay",
      "Turan",
      "Turgay",
      "Turğut",
      "Tülay",
      "Tümay",
      "Türker",
      "Ufuk",
      "Uğur",
      "Uğuray",
      "Ulaş",
      "Umut",
      "Ural",
      "Utku",
      "Uygar",
      "Uysan",
      "Übeydullah",
      "Ülkü",
      "Ülkühan",
      "Ümit",
      "Ümmügülsüm",
      "Ümran",
      "Ünal",
      "Ünsal",
      "Üzeyir",
      "Vasfiye",
      "Vedat",
      "Vehbi",
      "Velat",
      "Velit",
      "Veysel",
      "Veysi",
      "Volkan",
      "Yahya",
      "Yakup",
      "Yalçın",
      "Yasemin",
      "Yaser",
      "Yasin",
      "Yaşar",
      "Yavuz",
      "Yelda",
      "Yeliz",
      "Yener",
      "Yetkin",
      "Yıldıray",
      "Yıldırım",
      "Yıldız",
      "Yılmaz",
      "Yiğit",
      "Yunus",
      "Yurdagül",
      "Yurdun",
      "Yusuf",
      "Yüce",
      "Yücel",
      "Yüksel",
      "Zafer",
      "Zahide",
      "Zekeriya",
      "Zeki",
      "Zeliha",
      "Zerin",
      "Zerrin",
      "Zeynalabidin",
      "Zeynep",
      "Ziya",
      "Zuhal",
      "Zübeyde",
      "Zühal",
      "Zühre",
      "Zülfiye"
    ],
    "last_name": [
      "Akbaş",
      "Akbudak",
      "Aksun",
      "Akyol",
      "Alım",
      "Alışık",
      "Alkış",
      "Alp",
      "Alpınar",
      "Altın",
      "Arifoğlu",
      "Arkan",
      "Arpat",
      "Asil",
      "Aslanalp",
      "Atak",
      "Atalay",
      "Ateş",
      "Atılgan",
      "Avcu",
      "Aydemir",
      "Aydoğan",
      "Aykan",
      "Aykuş",
      "Azap",
      "Bahçeci",
      "Balal",
      "Balcı",
      "Barbaros",
      "Barışan",
      "Başkak",
      "Başyiğit",
      "Baygeldi",
      "Bayraktar",
      "Baz",
      "Bekar",
      "Bertan",
      "Bıçakçı",
      "Boğan",
      "Bolat",
      "Bolattürk",
      "Bozkurter",
      "Bozkuş",
      "Bölük",
      "Böyük",
      "Büyükdoğan",
      "Camcı",
      "Coşkun",
      "Çalık",
      "Çelikten",
      "Çerik",
      "Çeter",
      "Çetiner",
      "Çetintaş",
      "Çevik",
      "Çiftçi",
      "Çildir",
      "Çilesiz",
      "Çipe",
      "Dayangaç",
      "Değirmenci",
      "Demirgan",
      "Demirkol",
      "Deveci",
      "Divarcı",
      "Doğan",
      "Dumlu",
      "Durmuş",
      "Düzce",
      "Düzel",
      "Düzkalır",
      "Eken",
      "Ekinci",
      "Elik",
      "Eraslan",
      "Erol",
      "Erşen",
      "Ertem",
      "Ertürk",
      "Eryavuz",
      "Esen",
      "Fırat",
      "Gençer",
      "Genel",
      "Gerilmez",
      "Gök",
      "Gökçe",
      "Gökmeydan",
      "Göncü",
      "Görkem",
      "Görmeli",
      "Görmüş",
      "Güldamla",
      "Gülşan",
      "Güveren",
      "Hakyol",
      "Hamdemirci",
      "Hiçdurmaz",
      "Höke",
      "Ilgın",
      "Işık",
      "Işıkalan",
      "İlkay",
      "Kaba",
      "Koç",
      "Kadak",
      "Kalıpcı",
      "Kankılıç",
      "Karçin",
      "Karkın",
      "Karpuzoğlu",
      "Kasapoğlu",
      "Katran",
      "Kaya",
      "Kayaalp",
      "Kayacan",
      "Kaylan",
      "Kevkir",
      "Kılıç",
      "Kızıltoprak",
      "Koca",
      "Kuru",
      "Küçük",
      "Mert",
      "Menekşe",
      "Menteş",
      "Molla",
      "Mutluer",
      "Nalbant",
      "Oflu",
      "Onay",
      "Orak",
      "Oynak",
      "Öcalan",
      "Özateş",
      "Özbek",
      "Özdemirkıran",
      "Özer",
      "Özgürol",
      "Öziş",
      "Özkaynar",
      "Özkırış",
      "Para",
      "Parasız",
      "Pirim",
      "Sağ",
      "Sakallıoğlu",
      "Sancar",
      "Sargın",
      "Sarıkaya",
      "Sari",
      "Servet",
      "Sevük",
      "Sezgin",
      "Sivri",
      "Sobay",
      "Soluk",
      "Sonay",
      "Soykamer",
      "Soytaş",
      "Sönmez",
      "Susam",
      "Şen",
      "Tanrıkulu",
      "Taşar",
      "Tehli",
      "Teker",
      "Tekir",
      "Tevdik",
      "Tikici",
      "Tokatlıoğlu",
      "Tombul",
      "Turan",
      "Turğut",
      "Turmuş",
      "Tutar",
      "Türe",
      "Ulaş",
      "Ulutaş",
      "Urfalı",
      "Uruç",
      "Utlu",
      "Ünüş",
      "Ürkmez",
      "Üzen",
      "Yabul",
      "Yakar",
      "Yasa",
      "Yavaş",
      "Yılanlı",
      "Yildiz",
      "Yurdam",
      "Yüksel",
      "Yüzer",
      "Zengin",
      "Zeybek",
      "Zubaroğlu"
    ],
    "prefix": [
      "Bay",
      "Bayan",
      "Dr.",
      "Prof. Dr."
    ],
    "name": [
      "#{prefix} #{first_name} #{last_name}",
      "#{first_name} #{last_name}",
      "#{first_name} #{last_name}",
      "#{first_name} #{last_name}",
      "#{first_name} #{last_name}",
      "#{first_name} #{last_name}"
    ]
  }
}